Sample	Total	Assigned	Unassigned_rRNA	Unassigned_Unmapped	Unassigned_Read_Type	Unassigned_Singleton	Unassigned_MappingQuality	Unassigned_Chimera	Unassigned_FragmentLength	Unassigned_Duplicate	Unassigned_MultiMapping	Unassigned_Secondary	Unassigned_NonSplit	Unassigned_NoFeatures	Unassigned_Overlapping_Length	Unassigned_Ambiguity	percent_assigned	reads_processed	reads_aligned	reads_aligned_percentage	not_aligned	not_aligned_percentage	Filename	File type	Encoding	Total Sequences	Sequences flagged as poor quality	Sequence length	%GC	total_deduplicated_percentage	avg_sequence_length	basic_statistics	per_base_sequence_quality	per_tile_sequence_quality	per_sequence_quality_scores	per_base_sequence_content	per_sequence_gc_content	per_base_n_content	sequence_length_distribution	sequence_duplication_levels	overrepresented_sequences	adapter_content	r_processed	r_with_adapters	r_written	bp_processed	quality_trimmed	bp_written	percent_trimmed	se_sense	se_antisense	failed
SRX1366851	41398121	1593957	7859503	30901514	0	0	0	0	0	0	0	0	0	847750	185439	9958	3.8503124332623697	41398121.0	10496607.0	25.36	30901514.0	74.64	SRX1366851_trimmed.fq.gz	Conventional base calls	Sanger / Illumina 1.9	41398121.0	0.0	20-100	41.0	13.868011010961665	86.00441445156412	pass	pass	fail	pass	fail	fail	pass	warn	fail	fail	pass	41405375	35249271	41405375	4140537500	518119809	3586143717	13.38941581859843	0.2222	0.4444	0.3333
SRX1638989	11649400	1805229	5909661	1951168	0	0	0	0	0	0	0	0	0	1758936	214369	10037	15.496325991038166	11649400.0	9698232.0	83.25	1951168.0	16.75	SRX1638989_trimmed.fq.gz	Conventional base calls	Sanger / Illumina 1.9	11649400.0	0.0	20-50	50.0	14.899607415227795	49.048746630727756	pass	pass	pass	pass	fail	fail	pass	warn	fail	fail	pass	11651147	5484166	11651147	582557350	4718715	571414563	1.9127364885191132	0.3818	0.5292	0.08900000000000001
SRX1638990	20560930	3857188	9575202	3638458	0	0	0	0	0	0	0	0	0	2967909	499653	22520	18.759793452922608	20560930.0	16922472.0	82.3	3638458.0	17.7	SRX1638990_trimmed.fq.gz	Conventional base calls	Sanger / Illumina 1.9	20560930.0	0.0	20-50	49.0	14.284129921164453	49.03089840780548	pass	pass	pass	pass	fail	fail	pass	warn	fail	fail	pass	20563836	9880493	20563836	1028191800	8560801	1008163601	1.9479049531420112	0.3224	0.4735	0.2041
SRX1638991	29222303	3899747	20434640	2300146	0	0	0	0	0	0	0	0	0	1967312	600991	19467	13.34510493577457	29222303.0	26922157.0	92.13	2300146.0	7.87	SRX1638991_trimmed.fq.gz	Conventional base calls	Sanger / Illumina 1.9	29222303.0	0.0	20-51	50.0	9.545716765171584	49.901465158307346	pass	pass	pass	pass	fail	fail	pass	warn	fail	fail	pass	29234693	12377583	29234693	1490969343	17159210	1458427338	2.18260725163683	0.5923	0.2664	0.1413
SRX1638992	26716731	3724557	16974642	3437796	0	0	0	0	0	0	0	0	0	2013212	548199	18325	13.940915900227466	26716731.0	23278935.0	87.13	3437796.0	12.87	SRX1638992_trimmed.fq.gz	Conventional base calls	Sanger / Illumina 1.9	26716731.0	0.0	20-51	50.0	11.098028298814206	49.82803094435468	pass	pass	pass	pass	fail	fail	pass	warn	fail	fail	pass	26727932	12260826	26727932	1363124532	16653212	1331414956	2.326242045800112	0.5987	0.2783	0.12300000000000001
SRX1638993	26506139	3621426	18136697	2564807	0	0	0	0	0	0	0	0	0	1685871	482334	15004	13.662593409021211	26506139.0	23941332.0	90.32	2564807.0	9.68	SRX1638993_trimmed.fq.gz	Conventional base calls	Sanger / Illumina 1.9	26506139.0	0.0	20-51	50.0	10.540718972751614	49.66983965488146	pass	pass	pass	pass	fail	fail	pass	warn	fail	fail	pass	26528548	11228440	26528548	1352955948	22113035	1316918227	2.6636285574022254	0.5993	0.2424	0.1583
SRX1638994	27990593	4414066	17201637	3237290	0	0	0	0	0	0	0	0	0	2468912	643106	25582	15.769819524723895	27990593.0	24753303.0	88.43	3237290.0	11.57	SRX1638994_trimmed.fq.gz	Conventional base calls	Sanger / Illumina 1.9	27990593.0	0.0	20-51	50.0	11.419512036677858	49.913467178062284	pass	pass	pass	pass	fail	fail	pass	warn	fail	fail	pass	27999758	12656855	27999758	1427987658	15165750	1397245430	2.1528356934860846	0.5918	0.2903	0.11800000000000001
SRX1638995	28927013	4922272	17634070	2926801	0	0	0	0	0	0	0	0	0	2612918	785132	45820	17.016177923382553	28927013.0	26000212.0	89.88	2926801.0	10.12	SRX1638995_trimmed.fq.gz	Conventional base calls	Sanger / Illumina 1.9	28927013.0	0.0	20-51	50.0	11.03210627596752	49.89427619090848	pass	pass	pass	pass	fail	fail	pass	warn	fail	fail	pass	28939884	12682424	28939884	1475934084	16815462	1443493012	2.198002766633039	0.5451	0.3318	0.1231
SRX1638996	16637538	1928492	6849058	4104440	0	0	0	0	0	0	0	0	0	3481092	259714	14742	11.591210189873044	16637538.0	12533098.0	75.33	4104440.0	24.67	SRX1638996_trimmed.fq.gz	Conventional base calls	Sanger / Illumina 1.9	16637538.0	0.0	20-50	49.0	13.53901437094866	48.82207042893005	pass	pass	pass	pass	fail	fail	pass	warn	fail	fail	pass	16641356	9187728	16641356	832067800	9406355	812337569	2.371228762848412	0.2976	0.5718	0.1306
SRX1638997	26163350	1461870	4897890	19068643	0	0	0	0	0	0	0	0	0	571711	153708	9528	5.587472552253439	26163350.0	7094707.0	27.12	19068643.0	72.88	SRX1638997_trimmed.fq.gz	Conventional base calls	Sanger / Illumina 1.9	26163350.0	0.0	20-100	40.0	16.737603869718303	85.92369952624568	pass	pass	warn	pass	fail	fail	pass	warn	fail	fail	pass	26168790	21947898	26168790	2616879000	329930122	2264258974	13.474831125168569	0.4895	0.4165	0.094
SRX1638998	20806782	213075	16	4640711	0	0	0	0	0	0	0	0	0	15900573	52016	391	1.0240651341471256	20806782.0	16166071.0	77.7	4640711.0	22.3	SRX1638998_trimmed.fq.gz	Conventional base calls	Sanger / Illumina 1.9	20806782.0	0.0	20-50	49.0	15.33047919018567	48.81159431573801	pass	pass	pass	pass	fail	fail	pass	warn	fail	fail	pass	20811415	11029158	20811415	1040570750	12412928	1015681869	2.3918489924880166	0.2317	0.6655	0.1028
SRX1638999	26005424	350331	62	7035447	0	0	0	0	0	0	0	0	0	18536047	83083	454	1.3471458877194231	26005424.0	18969977.0	72.95	7035447.0	27.05	SRX1638999_trimmed.fq.gz	Conventional base calls	Sanger / Illumina 1.9	26005424.0	0.0	20-50	49.0	14.524958041680641	48.7783137471629	pass	pass	pass	pass	fail	fail	pass	warn	fail	fail	pass	26010997	14634032	26010997	1300549850	15726431	1268585337	2.4577691504866195	0.2887	0.6045	0.1069
SRX1639000	28976654	1402925	6206153	20584525	0	0	0	0	0	0	0	0	0	610277	163659	9115	4.841570044629722	28976654.0	8392129.0	28.96	20584525.0	71.04	SRX1639000_trimmed.fq.gz	Conventional base calls	Sanger / Illumina 1.9	28976654.0	0.0	20-100	42.0	15.706652214714667	86.8971806751739	pass	pass	warn	pass	fail	warn	pass	warn	fail	fail	pass	28982303	23873092	28982303	2898230300	337825756	2535701681	12.508620139676273	0.5377	0.3392	0.1232
SRX1639001	25485985	1727475	4079343	18816236	0	0	0	0	0	0	0	0	0	657258	195032	10641	6.778137082008014	25485985.0	6669749.0	26.17	18816236.0	73.83	SRX1639001_trimmed.fq.gz	Conventional base calls	Sanger / Illumina 1.9	25485985.0	0.0	20-100	42.0	16.72807718290102	86.11332903162268	pass	pass	warn	pass	fail	fail	pass	warn	fail	fail	pass	25491029	21434847	25491029	2549102900	316891464	2210112170	13.298432558371811	0.49	0.3662	0.1438
SRX1639002	28121106	1335331	8474190	17491227	0	0	0	0	0	0	0	0	0	690398	123516	6444	4.748501001347528	28121106.0	10629879.0	37.8	17491227.0	62.2	SRX1639002_trimmed.fq.gz	Conventional base calls	Sanger / Illumina 1.9	28121106.0	0.0	20-100	44.0	12.729867996447942	87.78188930406935	pass	pass	warn	pass	fail	warn	pass	warn	fail	fail	pass	28127758	21535942	28127758	2812775800	305743196	2484431281	11.673327074273036	0.5532	0.3241	0.1228
SRX1639003	19979560	150625	39	6330811	0	0	0	0	0	0	0	0	0	13459050	38734	301	0.7538954811817677	19979560.0	13648749.0	68.31	6330811.0	31.69	SRX1639003_trimmed.fq.gz	Conventional base calls	Sanger / Illumina 1.9	19979560.0	0.0	20-50	49.0	7.168801813446741	48.72437025640203	pass	pass	pass	pass	fail	fail	pass	warn	fail	fail	pass	19983922	12980698	19983922	999196100	11606721	973559012	2.5657714236474702	0.1132	0.6854	0.2014
SRX1639004	31925041	262953	5148686	26033054	0	0	0	0	0	0	0	0	0	398328	76491	5529	0.8236575169942617	31925041.0	5891987.0	18.46	26033054.0	81.54	SRX1639004_trimmed.fq.gz	Conventional base calls	Sanger / Illumina 1.9	31925041.0	0.0	20-100	41.0	8.481305510089255	82.51958022544122	pass	pass	pass	pass	fail	fail	pass	warn	fail	fail	pass	31929611	28380736	31929611	3192961100	510292995	2653531206	16.89434594113909	0.4686	0.37799999999999995	0.1534
SRX1639005	21335127	151496	33	7548429	0	0	0	0	0	0	0	0	0	13602737	32107	325	0.7100777979901408	21335127.0	13786698.0	64.62	7548429.0	35.38	SRX1639005_trimmed.fq.gz	Conventional base calls	Sanger / Illumina 1.9	21335127.0	0.0	20-50	48.0	7.812054902817415	48.752379678827324	pass	pass	pass	pass	fail	fail	pass	warn	fail	fail	pass	21339710	14125933	21339710	1066985500	11645311	1040208397	2.5096032701475317	0.1288	0.679	0.1923
SRX1639006	28095819	124872	5965400	21562772	0	0	0	0	0	0	0	0	0	412348	29399	1028	0.4444504714384728	28095819.0	6533047.0	23.25	21562772.0	76.75	SRX1639006_trimmed.fq.gz	Conventional base calls	Sanger / Illumina 1.9	28095819.0	0.0	20-100	41.0	7.933904467707597	83.64087774056347	pass	pass	pass	pass	fail	warn	pass	warn	fail	fail	pass	28100708	24361329	28100708	2810070800	417968575	2366873052	15.771764469421909	0.5097	0.2956	0.1947
SRX1639007	18579759	2453664	9285437	4536249	0	0	0	0	0	0	0	0	0	1993464	291089	19856	13.206113168636902	18579759.0	14043510.0	75.58	4536249.0	24.42	SRX1639007_trimmed.fq.gz	Conventional base calls	Sanger / Illumina 1.9	18579759.0	0.0	20-50	49.0	13.561615368113804	48.901100816216186	pass	pass	pass	pass	fail	fail	pass	warn	fail	fail	pass	18582566	11134224	18582566	929128300	7611211	908609237	2.208420839188732	0.4398	0.4567	0.1035
SRX1639008	27408909	1521922	7383029	17633988	0	0	0	0	0	0	0	0	0	703598	161599	4773	5.552654430718128	27408909.0	9774921.0	35.66	17633988.0	64.34	SRX1639008_trimmed.fq.gz	Conventional base calls	Sanger / Illumina 1.9	27408909.0	0.0	20-100	43.0	15.124695836477835	87.16468532184189	pass	pass	fail	pass	fail	warn	pass	warn	fail	fail	pass	27415511	22168448	27415511	2741551100	312764977	2405825118	12.245840757810425	0.6293	0.2222	0.1485
SRX1639009	25416604	1054402	5233817	18633600	0	0	0	0	0	0	0	0	0	368422	119789	6574	4.148477113622262	25416604.0	6783004.0	26.69	18633600.0	73.31	SRX1639009_trimmed.fq.gz	Conventional base calls	Sanger / Illumina 1.9	25416604.0	0.0	20-100	40.0	18.70431558935922	82.43587971075915	pass	pass	pass	pass	fail	warn	pass	warn	fail	fail	pass	25419613	21956588	25419613	2541961300	408355091	2110981555	16.954614729972484	0.465	0.4365	0.0984
SRX1639010	17181112	2289095	9939286	2902249	0	0	0	0	0	0	0	0	0	1731970	299108	19404	13.323322727888625	17181112.0	14278863.0	83.11	2902249.0	16.89	SRX1639010_trimmed.fq.gz	Conventional base calls	Sanger / Illumina 1.9	17181112.0	0.0	20-50	49.0	12.896468376132034	49.060705034691594	pass	pass	pass	pass	fail	fail	pass	warn	fail	fail	pass	17183562	8689147	17183562	859178100	6362974	842951254	1.8886475341957625	0.4122	0.5012	0.0866
SRX1639011	17639441	2179317	9765264	3154332	0	0	0	0	0	0	0	0	0	2192770	329575	18183	12.35479627727432	17639441.0	14485109.0	82.12	3154332.0	17.88	SRX1639011_trimmed.fq.gz	Conventional base calls	Sanger / Illumina 1.9	17639441.0	0.0	20-50	50.0	12.7059509737397	49.00532250426757	pass	pass	pass	pass	fail	fail	pass	warn	fail	fail	pass	17642127	8633464	17642127	882106350	7722059	864463672	2.0000624641235154	0.3227	0.598	0.0793
SRX1639012	27069823	942485	7650075	17807439	0	0	0	0	0	0	0	0	0	564128	103137	2559	3.481681428061055	27069823.0	9262384.0	34.22	17807439.0	65.78	SRX1639012_trimmed.fq.gz	Conventional base calls	Sanger / Illumina 1.9	27069823.0	0.0	20-100	44.0	13.425714924214144	86.10541864274471	pass	pass	fail	pass	fail	warn	pass	warn	fail	fail	pass	27077547	21551527	27077547	2707754700	338909110	2346417868	13.344518689229863	0.5920000000000001	0.2819	0.1262
SRX1639013	22413979	915401	7003852	13992446	0	0	0	0	0	0	0	0	0	410008	90203	2069	4.084062896641422	22413979.0	8421533.0	37.57	13992446.0	62.43	SRX1639013_trimmed.fq.gz	Conventional base calls	Sanger / Illumina 1.9	22413979.0	0.0	20-100	43.0	15.548757720701914	86.6985235419378	pass	pass	fail	pass	fail	fail	pass	warn	fail	fail	pass	22420402	17343968	22420402	2242040200	267693248	1956156280	12.751061287839534	0.5936	0.2869	0.1194
SRX1639014	31619805	1974777	9005475	19485218	0	0	0	0	0	0	0	0	0	881237	261815	11283	6.245380071129472	31619805.0	12134587.0	38.38	19485218.0	61.62	SRX1639014_trimmed.fq.gz	Conventional base calls	Sanger / Illumina 1.9	31619805.0	0.0	20-100	43.0	16.316079707659554	86.85545745775472	pass	pass	fail	pass	fail	fail	pass	warn	fail	fail	pass	31628307	24951663	31628307	3162830700	371534610	2765327481	12.567957526148966	0.5489999999999999	0.3517	0.0993
SRX1639015	24016303	1326956	6062062	15809368	0	0	0	0	0	0	0	0	0	632339	177830	7748	5.52523009057639	24016303.0	8206935.0	34.17	15809368.0	65.83	SRX1639015_trimmed.fq.gz	Conventional base calls	Sanger / Illumina 1.9	24016303.0	0.0	20-100	42.0	17.441049686814306	86.02366609048862	pass	pass	fail	pass	fail	warn	pass	warn	fail	fail	pass	24022640	19477414	24022640	2402264000	301347803	2080740324	13.384194076920775	0.5005	0.4035	0.096
SRX1639016	28789296	1024542	5639558	21435732	0	0	0	0	0	0	0	0	0	552502	131104	5858	3.5587601725307914	28789296.0	7353564.0	25.54	21435732.0	74.46	SRX1639016_trimmed.fq.gz	Conventional base calls	Sanger / Illumina 1.9	28789296.0	0.0	20-100	42.0	15.22690187923246	85.40087072639776	pass	pass	fail	pass	fail	warn	pass	warn	fail	fail	pass	28795848	24600332	28795848	2879584800	378293769	2475936042	14.017602746062558	0.5753	0.2962	0.1285
SRX334181	11788243	2488308	6399496	1017287	0	0	0	0	0	0	0	0	0	1581341	292412	9399	21.108387399207835	11788243.0	10770956.0	91.37	1017287.0	8.63	SRX334181_trimmed.fq.gz	Conventional base calls	Sanger / Illumina 1.9	11788243.0	0.0	20-50	50.0	14.333595756298351	49.23476993136297	pass	pass	pass	pass	fail	fail	pass	warn	fail	fail	pass	11789714	4855160	11789714	589485700	3142528	580412925	1.5391001003077769	0.5069	0.4033	0.0898
SRX334182	18190455	617195	21	3678268	0	0	0	0	0	0	0	0	0	13851407	42914	650	3.3929607588155437	18190455.0	14512187.0	79.78	3678268.0	20.22	SRX334182_trimmed.fq.gz	Conventional base calls	Sanger / Illumina 1.9	18190455.0	0.0	20-50	50.0	8.926852903246596	48.634786870366895	pass	pass	pass	pass	fail	warn	pass	warn	fail	fail	pass	18206232	9324472	18206232	910311600	14439768	884950747	2.7859529637983305	0.2361	0.7222	0.0418
SRX334183	11544918	1764913	5909661	1931201	0	0	0	0	0	0	0	0	0	1725822	206255	7066	15.287358472359875	11544918.0	9613717.0	83.27	1931201.0	16.73	SRX334183_trimmed.fq.gz	Conventional base calls	Sanger / Illumina 1.9	11544918.0	0.0	20-50	50.0	14.743849404398508	49.049052232332876	pass	pass	pass	pass	fail	fail	pass	warn	fail	fail	pass	11546658	5427916	11546658	577332900	4684627	566293276	1.9121764929731184	0.4131	0.5166	0.0704
SRX334184	11546758	1773076	5926535	1890158	0	0	0	0	0	0	0	0	0	1739528	210188	7273	15.355617568152029	11546758.0	9656600.0	83.63	1890158.0	16.37	SRX334184_trimmed.fq.gz	Conventional base calls	Sanger / Illumina 1.9	11546758.0	0.0	20-50	50.0	14.981118528008194	48.98581506601247	pass	pass	pass	pass	fail	fail	pass	warn	fail	fail	pass	11548844	5383410	11548844	577442200	5471749	565658518	2.0406686591315983	0.37799999999999995	0.5498	0.0722
SRX334185	9088578	1376153	4639017	1568626	0	0	0	0	0	0	0	0	0	1341578	157697	5507	15.141565600251214	9088578.0	7519952.0	82.74	1568626.0	17.26	SRX334185_trimmed.fq.gz	Conventional base calls	Sanger / Illumina 1.9	9088578.0	0.0	20-50	50.0	15.300751729158252	49.124263553660434	pass	pass	pass	pass	fail	fail	pass	warn	fail	fail	pass	9089455	4309882	9089455	454472750	2966101	446481588	1.7583368859849131	0.3937	0.53	0.0763
SRX334186	15689411	2908522	7723721	2573709	0	0	0	0	0	0	0	0	0	2141991	328656	12812	18.53812102952749	15689411.0	13115702.0	83.6	2573709.0	16.4	SRX334186_trimmed.fq.gz	Conventional base calls	Sanger / Illumina 1.9	15689411.0	0.0	20-50	49.0	15.335312283520672	49.03447796733733	pass	pass	pass	pass	fail	fail	pass	warn	fail	fail	pass	15691865	7648809	15691865	784593250	6344282	769358171	1.941780534053792	0.3469	0.5786	0.0745
SRX334187	27980592	565953	216	7613663	0	0	0	0	0	0	0	0	0	19704782	94735	1243	2.022662708494517	27980592.0	20366929.0	72.79	7613663.0	27.21	SRX334187_trimmed.fq.gz	Conventional base calls	Sanger / Illumina 1.9	27980592.0	0.0	20-50	48.0	7.9745066177517625	48.36405838018009	pass	pass	pass	pass	fail	fail	pass	warn	fail	fail	pass	28014712	16782685	28014712	1400735600	28536198	1353820241	3.349337233950504	0.3011	0.6628	0.0361
SRX334188	16277069	1821503	6766058	4082718	0	0	0	0	0	0	0	0	0	3353036	243854	9900	11.190608087979477	16277069.0	12194351.0	74.92	4082718.0	25.08	SRX334188_trimmed.fq.gz	Conventional base calls	Sanger / Illumina 1.9	16277069.0	0.0	20-50	49.0	13.557232083550725	48.88623891684677	pass	pass	pass	pass	fail	fail	pass	warn	fail	fail	pass	16280029	9049293	16280029	814001450	8093172	795770124	2.239716649153389	0.379	0.5176	0.1034
SRX334189	16401891	1852374	6849058	4046474	0	0	0	0	0	0	0	0	0	3394311	249587	10087	11.293661200406707	16401891.0	12355417.0	75.33	4046474.0	24.67	SRX334189_trimmed.fq.gz	Conventional base calls	Sanger / Illumina 1.9	16401891.0	0.0	20-50	49.0	13.876299612171273	48.82324751457012	pass	pass	pass	pass	fail	fail	pass	warn	fail	fail	pass	16405690	9034068	16405690	820284500	9296060	800851782	2.3690217235605453	0.3727	0.5098	0.1175
SRX334190	26163350	1461871	4897892	19068639	0	0	0	0	0	0	0	0	0	571710	153710	9528	5.587476374393951	26163350.0	7094711.0	27.12	19068639.0	72.88	SRX334190_trimmed.fq.gz	Conventional base calls	Sanger / Illumina 1.9	26163350.0	0.0	20-100	40.0	16.737603869718303	85.92369952624568	pass	pass	warn	pass	fail	fail	pass	warn	fail	fail	pass	26168790	21947898	26168790	2616879000	329930122	2264258974	13.474831125168569	0.4895	0.4165	0.094
SRX334191	20634487	656808	253	6269620	0	0	0	0	0	0	0	0	0	13515731	191104	971	3.1830595061558835	20634487.0	14364867.0	69.62	6269620.0	30.38	SRX334191_trimmed.fq.gz	Conventional base calls	Sanger / Illumina 1.9	20634487.0	0.0	20-50	46.0	6.7118969851578045	48.186097042296225	pass	pass	pass	pass	fail	fail	pass	warn	fail	fail	pass	20659847	13709137	20659847	1032992350	23330265	994718124	3.7051800044792205	0.1324	0.8483	0.0193
SRX334192	19631128	747589	6955912	6234783	0	0	0	0	0	0	0	0	0	5276978	408054	7812	3.8081815777473413	19631128.0	13396345.0	68.24	6234783.0	31.76	SRX334192_trimmed.fq.gz	Conventional base calls	Sanger / Illumina 1.9	19631128.0	0.0	20-50	49.0	7.0731649854870655	48.72608644801257	pass	pass	pass	pass	fail	fail	pass	warn	fail	fail	pass	19635458	12726798	19635458	981772900	11418701	956615059	2.562490877472784	0.2998	0.5541	0.1461
SRX334193	31925041	262955	5148686	26033050	0	0	0	0	0	0	0	0	0	398331	76490	5529	0.8236637816690666	31925041.0	5891991.0	18.46	26033050.0	81.54	SRX334193_trimmed.fq.gz	Conventional base calls	Sanger / Illumina 1.9	31925041.0	0.0	20-100	41.0	8.481305510089255	82.51958022544122	pass	pass	pass	pass	fail	fail	pass	warn	fail	fail	pass	31929611	28380736	31929611	3192961100	510292995	2653531206	16.89434594113909	0.4686	0.37799999999999995	0.1534
SRX334194	14383078	1993878	8414573	2051628	0	0	0	0	0	0	0	0	0	1615316	299977	7706	13.86266555740016	14383078.0	12331450.0	85.74	2051628.0	14.26	SRX334194_trimmed.fq.gz	Conventional base calls	Sanger / Illumina 1.9	14383078.0	0.0	20-50	50.0	12.31149252485207	49.22907913035026	pass	pass	pass	pass	fail	fail	pass	warn	fail	fail	pass	14384442	6468629	14384442	719222100	3434387	708084328	1.5485858957893537	0.5253	0.3895	0.0852
SRX334195	18711988	3281364	8379570	4621276	0	0	0	0	0	0	0	0	0	1948420	465562	15796	17.53615917239793	18711988.0	14090712.0	75.3	4621276.0	24.7	SRX334195_trimmed.fq.gz	Conventional base calls	Sanger / Illumina 1.9	18711988.0	0.0	20-50	48.0	16.70003404163365	48.9716895927894	pass	pass	pass	pass	fail	fail	pass	warn	fail	fail	pass	18714134	9925827	18714134	935706700	8191151	916386288	2.064793593975548	0.4724	0.3978	0.1298
SRX334196	12514869	1901565	5461713	2712046	0	0	0	0	0	0	0	0	0	2166593	263511	9441	15.194445902709806	12514869.0	9802823.0	78.33	2712046.0	21.67	SRX334196_trimmed.fq.gz	Conventional base calls	Sanger / Illumina 1.9	12514869.0	0.0	20-50	50.0	15.347272220848506	49.01907714735167	pass	pass	pass	pass	fail	fail	pass	warn	fail	fail	pass	12516148	6486944	12516148	625807400	4961032	613484613	1.969102155071992	0.3691	0.5519	0.0789
SRX334197	10295554	1669778	6065599	940044	0	0	0	0	0	0	0	0	0	1409485	204322	6326	16.21843758966249	10295554.0	9355510.0	90.87	940044.0	9.13	SRX334197_trimmed.fq.gz	Conventional base calls	Sanger / Illumina 1.9	10295554.0	0.0	20-50	50.0	14.32363776075673	49.26417179687465	pass	pass	pass	pass	fail	fail	pass	warn	fail	fail	pass	10296619	4343684	10296619	514830950	2268173	507216308	1.4790567661093414	0.3772	0.5387	0.0841
SRX334198	13422832	1080402	5021476	4479179	0	0	0	0	0	0	0	0	0	2577439	258138	6198	8.048986979796812	13422832.0	8943653.0	66.63	4479179.0	33.37	SRX334198_trimmed.fq.gz	Conventional base calls	Sanger / Illumina 1.9	13422832.0	0.0	20-50	47.0	12.844831090881035	47.60421019945717	pass	pass	pass	pass	fail	fail	pass	warn	fail	fail	pass	13429128	7971257	13429128	671456400	23616378	639076423	4.8223498949447805	0.3857	0.5421	0.0722
SRX334199	15031148	1963442	7155967	2912899	0	0	0	0	0	0	0	0	0	2729897	261293	7650	13.062488640255554	15031148.0	12118249.0	80.62	2912899.0	19.38	SRX334199_trimmed.fq.gz	Conventional base calls	Sanger / Illumina 1.9	15031148.0	0.0	20-50	50.0	12.174356771133068	49.000913769194476	pass	pass	pass	pass	fail	fail	pass	warn	fail	fail	pass	15033398	7414752	15033398	751669900	6602479	736573512	2.008380008298856	0.3543	0.5893	0.0564
SRX334200	14618838	1634938	8799350	1953105	0	0	0	0	0	0	0	0	0	1933582	286213	11650	11.183775345208694	14618838.0	12665733.0	86.64	1953105.0	13.36	SRX334200_trimmed.fq.gz	Conventional base calls	Sanger / Illumina 1.9	14618838.0	0.0	20-50	51.0	11.25647414522444	49.140708515957286	pass	pass	pass	pass	fail	warn	pass	warn	fail	fail	pass	14620989	6585438	14620989	731049450	4839870	718411941	1.7286804606719834	0.4992	0.3429	0.1579
SRX334201	16746661	2549478	7424434	3733857	0	0	0	0	0	0	0	0	0	2710260	317029	11603	15.223798941174007	16746661.0	13012804.0	77.7	3733857.0	22.3	SRX334201_trimmed.fq.gz	Conventional base calls	Sanger / Illumina 1.9	16746661.0	0.0	20-50	49.0	15.570335481752927	48.845556854587315	pass	pass	pass	pass	fail	fail	pass	warn	fail	fail	pass	16750221	8548666	16750221	837511050	9698357	818053312	2.323281346556562	0.444	0.4553	0.1007
SRX334202	14611780	3452049	7551147	1451054	0	0	0	0	0	0	0	0	0	1715910	433149	8471	23.62510932959571	14611780.0	13160726.0	90.07	1451054.0	9.93	SRX334202_trimmed.fq.gz	Conventional base calls	Sanger / Illumina 1.9	14611780.0	0.0	20-50	51.0	15.240853352400329	49.28447725054715	pass	pass	pass	pass	fail	fail	pass	warn	fail	fail	pass	14613098	6249595	14613098	730654900	3114762	720151148	1.4375804500866278	0.6657	0.1657	0.1686
SRX334203	13558800	1532320	6332093	3171399	0	0	0	0	0	0	0	0	0	2279524	236858	6606	11.301295099861346	13558800.0	10387401.0	76.61	3171399.0	23.39	SRX334203_trimmed.fq.gz	Conventional base calls	Sanger / Illumina 1.9	13558800.0	0.0	20-50	50.0	13.608982051952676	48.92110762014339	pass	pass	pass	pass	fail	fail	pass	warn	fail	fail	pass	13560268	7220393	13560268	678013400	6599971	663331790	2.1653864068173285	0.4006	0.5084	0.091
SRX334204	9694164	1360553	3862500	2414123	0	0	0	0	0	0	0	0	0	1879458	170878	6652	14.034763595911931	9694164.0	7280041.0	75.1	2414123.0	24.9	SRX334204_trimmed.fq.gz	Conventional base calls	Sanger / Illumina 1.9	9694164.0	0.0	20-50	50.0	16.70795563222446	48.95115659277065	pass	pass	pass	pass	fail	fail	pass	warn	fail	fail	pass	9695128	5335556	9695128	484756400	4272785	474553911	2.1046630843863023	0.3769	0.5166	0.1065
SRX334205	11650420	2794961	3904327	2713664	0	0	0	0	0	0	0	0	0	1966647	257126	13695	23.990216661716925	11650420.0	8936756.0	76.71	2713664.0	23.29	SRX334205_trimmed.fq.gz	Conventional base calls	Sanger / Illumina 1.9	11650420.0	0.0	20-50	48.0	20.367609084246734	49.04668904640347	pass	pass	pass	pass	fail	fail	pass	warn	fail	fail	pass	11651657	6206429	11651657	582582850	4145452	571431504	1.91412191416208	0.377	0.528	0.095
SRX334206	19723715	4434950	6592037	3677712	0	0	0	0	0	0	0	0	0	4497025	501702	20289	22.485368501826358	19723715.0	16046003.0	81.35	3677712.0	18.65	SRX334206_trimmed.fq.gz	Conventional base calls	Sanger / Illumina 1.9	19723715.0	0.0	20-50	50.0	16.073373225844062	49.11148472790243	pass	pass	pass	pass	fail	warn	pass	warn	fail	fail	pass	19726707	10085153	19726707	986335350	6231524	968703219	1.7876405828910016	0.4189	0.4027	0.1784
SRX334207	27977264	1984414	3848429	19397128	0	0	0	0	0	0	0	0	0	2076987	659526	10780	7.09295233443842	27977264.0	8580136.0	30.67	19397128.0	69.33	SRX334207_trimmed.fq.gz	Conventional base calls	Sanger / Illumina 1.9	27977264.0	0.0	20-100	41.0	13.270073113847904	85.76596103178638	pass	pass	fail	pass	fail	fail	pass	warn	fail	fail	pass	27991099	22781537	27991099	2799109900	358177894	2416975234	13.652006518214954	0.4575	0.4173	0.1252
SRX334208	18300868	2352164	9285437	4451166	0	0	0	0	0	0	0	0	0	1923997	276168	11936	12.852745563762332	18300868.0	13849702.0	75.68	4451166.0	24.32	SRX334208_trimmed.fq.gz	Conventional base calls	Sanger / Illumina 1.9	18300868.0	0.0	20-50	49.0	13.379168881115609	48.900620560729685	pass	pass	pass	pass	fail	fail	pass	warn	fail	fail	pass	18303644	10964394	18303644	915182200	7514402	894961880	2.2094310837776345	0.4207	0.4838	0.0955
SRX334209	27408909	1521921	7383028	17633983	0	0	0	0	0	0	0	0	0	703604	161600	4773	5.552650782269371	27408909.0	9774926.0	35.66	17633983.0	64.34	SRX334209_trimmed.fq.gz	Conventional base calls	Sanger / Illumina 1.9	27408909.0	0.0	20-100	43.0	15.124695836477835	87.16468532184189	pass	pass	fail	pass	fail	warn	pass	warn	fail	fail	pass	27415511	22168448	27415511	2741551100	312764977	2405825118	12.245840757810425	0.6293	0.2222	0.1485
SRX334210	27095970	3041442	16238236	3615538	0	0	0	0	0	0	0	0	0	3659831	513962	26961	11.224702418846785	27095970.0	23480432.0	86.66	3615538.0	13.34	SRX334210_trimmed.fq.gz	Conventional base calls	Sanger / Illumina 1.9	27095970.0	0.0	20-50	51.0	9.976743363615174	49.01342657229101	pass	pass	pass	pass	fail	fail	pass	warn	fail	fail	pass	27098890	14233229	27098890	1354944500	10142836	1328107368	1.9806812751371	0.4186	0.4822	0.0992
SRX334211	19165661	1289834	10764551	3598610	0	0	0	0	0	0	0	0	0	3175622	329173	7871	6.729921811723582	19165661.0	15567051.0	81.22	3598610.0	18.78	SRX334211_trimmed.fq.gz	Conventional base calls	Sanger / Illumina 1.9	19165661.0	0.0	20-50	51.0	9.18522310108931	48.94992330293226	pass	pass	pass	pass	fail	fail	pass	warn	fail	fail	pass	19168307	9674702	19168307	958415350	9323686	938194432	2.1098282701753472	0.504	0.4236	0.0724
SRX334212	19821328	2534897	8914789	3371856	0	0	0	0	0	0	0	0	0	4570691	414287	14808	12.788734437975096	19821328.0	16449472.0	82.99	3371856.0	17.01	SRX334212_trimmed.fq.gz	Conventional base calls	Sanger / Illumina 1.9	19821328.0	0.0	20-50	51.0	12.194752228129008	49.08227370032925	pass	pass	pass	pass	fail	fail	pass	warn	fail	fail	pass	19824033	9694518	19824033	991201650	7265259	972913772	1.8450209399873376	0.3051	0.5933	0.1016
SRX334213	19849286	2652999	6411489	5419553	0	0	0	0	0	0	0	0	0	4814309	540896	10040	13.365715018666165	19849286.0	14429733.0	72.7	5419553.0	27.3	SRX334213_trimmed.fq.gz	Conventional base calls	Sanger / Illumina 1.9	19849286.0	0.0	20-50	49.0	13.68684862129242	48.71103464376502	pass	pass	pass	pass	fail	fail	pass	warn	fail	fail	pass	19859656	11014772	19859656	992982800	13606535	967043849	2.6122256095473158	0.3177	0.5974	0.0849
SRX334214	19287365	2903565	9575269	3509786	0	0	0	0	0	0	0	0	0	2907558	377434	13753	15.054233691331088	19287365.0	15777579.0	81.8	3509786.0	18.2	SRX334214_trimmed.fq.gz	Conventional base calls	Sanger / Illumina 1.9	19287365.0	0.0	20-50	50.0	14.571637128526234	48.90882067094183	pass	pass	pass	pass	fail	fail	pass	warn	fail	fail	pass	19291902	9734920	19291902	964595100	9890747	943390003	2.1983417705522244	0.3961	0.505	0.0989
SRX4665703	14466545	2031945	8414573	2068435	0	0	0	0	0	0	0	0	0	1636950	304741	9901	14.045820892272479	14466545.0	12398110.0	85.7	2068435.0	14.3	SRX4665703_trimmed.fq.gz	Conventional base calls	Sanger / Illumina 1.9	14466545.0	0.0	20-50	50.0	12.031058392804368	49.228319754302085	pass	pass	pass	pass	fail	fail	pass	warn	fail	fail	pass	14467918	6513719	14467918	723395900	3454612	712182493	1.5501065184361702	0.5171	0.3858	0.0971
SRX4665704	9542686	1303788	6516173	1065233	0	0	0	0	0	0	0	0	0	505381	145427	6684	13.662694130352818	9542686.0	8477453.0	88.84	1065233.0	11.16	SRX4665704_trimmed.fq.gz	Conventional base calls	Sanger / Illumina 1.9	9542686.0	0.0	20-75	51.0	18.601263506249786	73.4847419269585	pass	pass		pass	fail	fail	pass	warn	fail	fail	pass	9543202	4038978	9543202	715740150	2810635	707450954	1.1581292456487176	0.7276	0.0973	0.1751
SRX4665705	14049974	1300660	9447506	2772925	0	0	0	0	0	0	0	0	0	427295	94640	6948	9.257383679144176	14049974.0	11277049.0	80.26	2772925.0	19.74	SRX4665705_trimmed.fq.gz	Conventional base calls	Sanger / Illumina 1.9	14049974.0	0.0	20-75	50.0	15.196469737312386	73.54727916222478	pass	pass		pass	fail	fail	pass	warn	fail	fail	pass	14050623	6695739	14050623	1053796725	4216515	1041329174	1.1831077763123623	0.7702	0.08900000000000001	0.1408
SRX4665706	13143192	2036515	8946907	1095080	0	0	0	0	0	0	0	0	0	821332	231703	11655	15.4948280448159	13143192.0	12048112.0	91.67	1095080.0	8.33	SRX4665706_trimmed.fq.gz	Conventional base calls	Sanger / Illumina 1.9	13143192.0	0.0	20-75	51.0	17.560893355722452	73.53895461619977	pass	pass		pass	fail	fail	pass	warn	fail	fail	pass	13143718	5465745	13143718	985778850	2973772	975277441	1.065290556801863	0.7107	0.1117	0.1776
SRX4665707	9851315	1417015	3862500	2457649	0	0	0	0	0	0	0	0	0	1924926	179440	9785	14.384018783279188	9851315.0	7393666.0	75.05	2457649.0	24.95	SRX4665707_trimmed.fq.gz	Conventional base calls	Sanger / Illumina 1.9	9851315.0	0.0	20-50	50.0	16.835623863943056	48.95096319628395	pass	pass	pass	pass	fail	fail	pass	warn	fail	fail	pass	9852288	5431719	9852288	492614400	4321725	482244868	2.1049997726416443	0.36200000000000004	0.5066	0.1315
SRX4665708	13704545	1580804	6332093	3206380	0	0	0	0	0	0	0	0	0	2330138	245722	9408	11.534888608122342	13704545.0	10498165.0	76.6	3206380.0	23.4	SRX4665708_trimmed.fq.gz	Conventional base calls	Sanger / Illumina 1.9	13704545.0	0.0	20-50	50.0	13.751137814851436	48.92175281995864	pass	pass	pass	pass	fail	fail	pass	warn	fail	fail	pass	13706018	7306902	13706018	685300900	6645257	670470720	2.1640391833718593	0.3628	0.5298	0.1074
SRX4665709	14724485	3522748	7551147	1462578	0	0	0	0	0	0	0	0	0	1738755	440243	9014	23.92442248404613	14724485.0	13261907.0	90.07	1462578.0	9.93	SRX4665709_trimmed.fq.gz	Conventional base calls	Sanger / Illumina 1.9	14724485.0	0.0	20-50	50.0	14.968948502382338	49.28463277323451	pass	pass	pass	pass	fail	fail	pass	warn	fail	fail	pass	14725808	6297671	14725808	736290400	3133623	725708117	1.437243104079586	0.6511	0.1572	0.1917
SRX4665710	11884447	2535022	6399496	1030248	0	0	0	0	0	0	0	0	0	1607514	298870	13297	21.33058441844202	11884447.0	10854199.0	91.33	1030248.0	8.67	SRX4665710_trimmed.fq.gz	Conventional base calls	Sanger / Illumina 1.9	11884447.0	0.0	20-50	50.0	14.036157287672724	49.2341670588459	pass	pass	pass	pass	fail	fail	pass	warn	fail	fail	pass	11885921	4900298	11885921	594296050	3166439	585142387	1.5402530439164115	0.5181	0.3756	0.1063
SRX4665711	14587835	1448306	10449515	2015769	0	0	0	0	0	0	0	0	0	528195	135958	10092	9.92817645661608	14587835.0	12572066.0	86.18	2015769.0	13.82	SRX4665711_trimmed.fq.gz	Conventional base calls	Sanger / Illumina 1.9	14587835.0	0.0	20-75	51.0	14.083070576105854	73.5226596681413	pass	pass		pass	fail	fail	pass	warn	fail	fail	pass	14588458	6427306	14588458	1094134350	4212578	1081592846	1.1462489958385824	0.7953	0.0639	0.1408
SRX4665712	13436852	2063164	8871740	1430491	0	0	0	0	0	0	0	0	0	809115	247387	14955	15.354519049551193	13436852.0	12006361.0	89.35	1430491.0	10.65	SRX4665712_trimmed.fq.gz	Conventional base calls	Sanger / Illumina 1.9	13436852.0	0.0	20-75	51.0	17.289350500358324	73.50350186189443	pass	pass		pass	fail	fail	pass	warn	fail	fail	pass	13437319	5756413	13437319	1007798925	3581525	996437455	1.1273548441223036	0.7548	0.0891	0.1561
SRX4665713	11720721	1624865	7796735	1526263	0	0	0	0	0	0	0	0	0	585296	177534	10028	13.86318299019318	11720721.0	10194458.0	86.98	1526263.0	13.02	SRX4665713_trimmed.fq.gz	Conventional base calls	Sanger / Illumina 1.9	11720721.0	0.0	20-75	51.0	17.91907794031671	73.48184740512123	pass	pass		pass	fail	fail	pass	warn	fail	fail	pass	11721299	5157563	11721299	879097425	3530126	868714952	1.1810378127316208	0.746	0.0865	0.1675
SRX4665714	26517764	1465403	4897885	19342897	0	0	0	0	0	0	0	0	0	651535	149777	10267	5.526118265476684	26517764.0	7174867.0	27.06	19342897.0	72.94	SRX4665714_trimmed.fq.gz	Conventional base calls	Sanger / Illumina 1.9	26517764.0	0.0	20-100	40.0	16.850323012869367	85.91498627108982	pass	pass	warn	pass	fail	fail	pass	warn	fail	fail	pass	26523242	22247102	26523242	2652324200	334621375	2294707568	13.483141766756873	0.6091	0.2512	0.1397
SRX4665715	14332624	2120413	9404578	1935512	0	0	0	0	0	0	0	0	0	673515	185443	13163	14.794311216145768	14332624.0	12397112.0	86.5	1935512.0	13.5	SRX4665715_trimmed.fq.gz	Conventional base calls	Sanger / Illumina 1.9	14332624.0	0.0	20-75	50.0	17.92777613235409	73.48334889689424	pass	pass		pass	fail	fail	pass	warn	fail	fail	pass	14333158	6914767	14333158	1074986850	3958979	1061960757	1.211744404129223	0.8157	0.0775	0.1068
SRX4665716	15501575	2458249	10513012	1369044	0	0	0	0	0	0	0	0	0	882009	264776	14485	15.85805958426805	15501575.0	14132531.0	91.17	1369044.0	8.83	SRX4665716_trimmed.fq.gz	Conventional base calls	Sanger / Illumina 1.9	15501575.0	0.0	20-75	51.0	16.416385767066146	73.46990870282535	pass	pass		pass	fail	fail	pass	warn	fail	fail	pass	15502120	7301387	15502120	1162659000	3734995	1148900087	1.1834005499462872	0.7776	0.0929	0.1295
SRX4665717	13405272	2080387	8625170	1787738	0	0	0	0	0	0	0	0	0	698240	202058	11679	15.519170368195438	13405272.0	11617534.0	86.66	1787738.0	13.34	SRX4665717_trimmed.fq.gz	Conventional base calls	Sanger / Illumina 1.9	13405272.0	0.0	20-75	50.0	17.872576281711126	73.47725954385706	pass	pass		pass	fail	fail	pass	warn	fail	fail	pass	13405916	6460924	13405916	1005443700	3754401	993191062	1.2186299441729058	0.8124	0.0809	0.1067
SRX4665718	27713372	1570284	7383029	17863343	0	0	0	0	0	0	0	0	0	719950	166675	10091	5.6661600039143565	27713372.0	9850029.0	35.54	17863343.0	64.46	SRX4665718_trimmed.fq.gz	Conventional base calls	Sanger / Illumina 1.9	27713372.0	0.0	20-100	43.0	15.351557959109275	87.11363662278269	pass	pass	fail	pass	fail	warn	pass	warn	fail	fail	pass	27720009	22424436	27720009	2772000900	317645321	2431130984	12.296890524097593	0.7148	0.145	0.1403
SRX4665719	15890826	2985535	7723721	2605685	0	0	0	0	0	0	0	0	0	2213878	344233	17774	18.787789885812106	15890826.0	13285141.0	83.6	2605685.0	16.4	SRX4665719_trimmed.fq.gz	Conventional base calls	Sanger / Illumina 1.9	15890826.0	0.0	20-50	49.0	15.438569652283926	49.03441495111708	pass	pass	pass	pass	fail	fail	pass	warn	fail	fail	pass	15893291	7757878	15893291	794664550	6400808	779233629	1.9418157007255448	0.3251	0.5681	0.1069
SRX4665720	16928172	2620145	7424435	3773169	0	0	0	0	0	0	0	0	0	2766438	328689	15296	15.478014991813644	16928172.0	13155003.0	77.71	3773169.0	22.29	SRX4665720_trimmed.fq.gz	Conventional base calls	Sanger / Illumina 1.9	16928172.0	0.0	20-50	49.0	15.753949127777169	48.84623608503033	pass	pass	pass	pass	fail	fail	pass	warn	fail	fail	pass	16931746	8650300	16931746	846587300	9774489	826931049	2.3218220967878915	0.4294	0.4691	0.1015
SRX4665721	32245218	263569	5148679	26321520	0	0	0	0	0	0	0	0	0	439356	68312	3782	0.8173894187969205	32245218.0	5923698.0	18.37	26321520.0	81.63	SRX4665721_trimmed.fq.gz	Conventional base calls	Sanger / Illumina 1.9	32245218.0	0.0	20-100	41.0	8.604453355596444	82.47606383061203	pass	pass	pass	pass	fail	fail	pass	warn	fail	fail	pass	32249813	28681116	32249813	3224981300	516788335	2678750988	16.937472226583143	0.5294	0.2048	0.2658
SRX4665722	18753348	5316098	7048536	3339558	0	0	0	0	0	0	0	0	0	2661938	366807	20411	28.3474609440405	18753348.0	15413790.0	82.19	3339558.0	17.81	SRX4665722_trimmed.fq.gz	Conventional base calls	Sanger / Illumina 1.9	18753348.0	0.0	20-50	49.0	20.535040346151764	49.090978848150215	pass	pass	pass	pass	fail	warn	pass	warn	fail	fail	pass	18756405	9013121	18756405	937820250	6834083	920664803	1.8292894613866568	0.723	0.11800000000000001	0.159
SRX4665723	14756760	4006515	4786313	3825641	0	0	0	0	0	0	0	0	0	1869008	254723	14560	27.150370406512	14756760.0	10931119.0	74.08	3825641.0	25.92	SRX4665723_trimmed.fq.gz	Conventional base calls	Sanger / Illumina 1.9	14756760.0	0.0	20-50	48.0	23.64412989215893	48.87418166318353	pass	pass	pass	pass	fail	warn	pass	warn	fail	fail	pass	14759081	7800047	14759081	737954050	7987633	721258120	2.262462005595064	0.7361	0.1139	0.15
SRX4665724	9618933	1175798	5035636	3018668	0	0	0	0	0	0	0	0	0	301770	83140	3921	12.223788230981546	9618933.0	6600265.0	68.62	3018668.0	31.38	SRX4665724_trimmed.fq.gz	Conventional base calls	Sanger / Illumina 1.9	9618933.0	0.0	20-75	51.0	19.296348613859184	73.25248299369586	pass	pass		pass	fail	fail	pass	warn	fail	fail	pass	9619608	3952016	9619608	721470600	5489417	710841257	1.4732884472354106	0.71	0.0967	0.1933
SRX4665725	11649400	1805224	5909661	1951170	0	0	0	0	0	0	0	0	0	1758932	214376	10037	15.496283070372725	11649400.0	9698230.0	83.25	1951170.0	16.75	SRX4665725_trimmed.fq.gz	Conventional base calls	Sanger / Illumina 1.9	11649400.0	0.0	20-50	50.0	14.899607415227795	49.048746630727756	pass	pass	pass	pass	fail	fail	pass	warn	fail	fail	pass	11651147	5484166	11651147	582557350	4718715	571414563	1.9127364885191132	0.3818	0.5292	0.08900000000000001
SRX4665726	14784689	1709697	8799350	1977537	0	0	0	0	0	0	0	0	0	1983346	298485	16274	11.563969996257613	14784689.0	12807152.0	86.62	1977537.0	13.38	SRX4665726_trimmed.fq.gz	Conventional base calls	Sanger / Illumina 1.9	14784689.0	0.0	20-50	50.0	11.452677688858488	49.14089481354664	pass	pass	pass	pass	fail	warn	pass	warn	fail	fail	pass	14786847	6664487	14786847	739342350	4881330	726564840	1.7282264434060894	0.4816	0.2679	0.2505
SRX4665727	14051679	3224893	7445275	2209787	0	0	0	0	0	0	0	0	0	910573	241687	19464	22.950232495348068	14051679.0	11841892.0	84.27	2209787.0	15.73	SRX4665727_trimmed.fq.gz	Conventional base calls	Sanger / Illumina 1.9	14051679.0	0.0	20-75	50.0	21.367989291789442	73.53577504866145	pass	pass		pass	fail	fail	pass	warn	fail	fail	pass	14052372	6147874	14052372	1053927900	4334023	1041837678	1.1471583587454133	0.8496	0.0584	0.092
SRX4665728	14017207	3767551	6936265	1903212	0	0	0	0	0	0	0	0	0	1079390	308958	21831	26.8780435360625	14017207.0	12113995.0	86.42	1903212.0	13.58	SRX4665728_trimmed.fq.gz	Conventional base calls	Sanger / Illumina 1.9	14017207.0	0.0	20-75	50.0	22.476386798196998	73.54342544845059	pass	pass		pass	fail	fail	pass	warn	fail	fail	pass	14017757	5897914	14017757	1051331775	4094832	1039658591	1.1103235227528436	0.8284	0.0701	0.1016
SRX4665729	11959782	3701729	5500408	1290410	0	0	0	0	0	0	0	0	0	1109935	334333	22967	30.95147553692869	11959782.0	10669372.0	89.21	1290410.0	10.79	SRX4665729_trimmed.fq.gz	Conventional base calls	Sanger / Illumina 1.9	11959782.0	0.0	20-75	51.0	24.1373555646386	73.54514973600689	pass	pass		pass	fail	fail	pass	warn	fail	fail	pass	11960456	4809493	11960456	897034200	3337779	887353988	1.0791352213772898	0.8038	0.0812	0.115
SRX4665730	20089362	4588517	6592037	3754745	0	0	0	0	0	0	0	0	0	4604625	519565	29873	22.840531222444998	20089362.0	16334617.0	81.31	3754745.0	18.69	SRX4665730_trimmed.fq.gz	Conventional base calls	Sanger / Illumina 1.9	20089362.0	0.0	20-50	50.0	16.211643576060098	49.11064064652725	pass	pass	pass	pass	fail	warn	pass	warn	fail	fail	pass	20092392	10289754	20092392	1004619600	6331007	986644328	1.7892615274478019	0.4185	0.3902	0.1913
SRX4665731	20320258	2710909	8914789	3466364	0	0	0	0	0	0	0	0	0	4765164	441366	21666	13.340918210782561	20320258.0	16853894.0	82.94	3466364.0	17.06	SRX4665731_trimmed.fq.gz	Conventional base calls	Sanger / Illumina 1.9	20320258.0	0.0	20-50	51.0	12.329360002065807	49.0805381506475	pass	pass	pass	pass	fail	fail	pass	warn	fail	fail	pass	20323004	9981419	20323004	1016150200	7391002	997367751	1.8483929836356867	0.3101	0.5822	0.1078
SRX4665732	11828148	2859956	3904327	2761824	0	0	0	0	0	0	0	0	0	2019687	264431	17923	24.179237527295054	11828148.0	9066324.0	76.65	2761824.0	23.35	SRX4665732_trimmed.fq.gz	Conventional base calls	Sanger / Illumina 1.9	11828148.0	0.0	20-50	48.0	20.515083988392696	49.04484539760578	pass	pass	pass	pass	fail	fail	pass	warn	fail	fail	pass	11829394	6318455	11829394	591469700	4200665	580126809	1.9177467586251675	0.3627	0.5191	0.1182
SRX4665733	19496209	1426677	10764549	3670424	0	0	0	0	0	0	0	0	0	3274172	346573	13814	7.3177149465314	19496209.0	15825785.0	81.17	3670424.0	18.83	SRX4665733_trimmed.fq.gz	Conventional base calls	Sanger / Illumina 1.9	19496209.0	0.0	20-50	51.0	9.381665786350721	48.95081689983935	pass	pass	pass	pass	fail	fail	pass	warn	fail	fail	pass	19498876	9868173	19498876	974943800	9414609	954392506	2.1079465298410023	0.4989	0.4032	0.0979
SRX666587	18753348	5316092	7048536	3339555	0	0	0	0	0	0	0	0	0	2661947	366807	20411	28.3474289497534	18753348.0	15413793.0	82.19	3339555.0	17.81	SRX666587_trimmed.fq.gz	Conventional base calls	Sanger / Illumina 1.9	18753348.0	0.0	20-50	49.0	20.535040346151764	49.090978848150215	pass	pass	pass	pass	fail	warn	pass	warn	fail	fail	pass	18756405	9013121	18756405	937820250	6834083	920664803	1.8292894613866568	0.723	0.11800000000000001	0.159
SRX666588	14756760	4006513	4786314	3825641	0	0	0	0	0	0	0	0	0	1869012	254720	14560	27.150356853401426	14756760.0	10931119.0	74.08	3825641.0	25.92	SRX666588_trimmed.fq.gz	Conventional base calls	Sanger / Illumina 1.9	14756760.0	0.0	20-50	48.0	23.64412989215893	48.87418166318353	pass	pass	pass	pass	fail	warn	pass	warn	fail	fail	pass	14759081	7800047	14759081	737954050	7987633	721258120	2.262462005595064	0.7361	0.1139	0.15
SRX666589	20982222	3745553	4817943	7249263	0	0	0	0	0	0	0	0	0	4745728	413046	10689	17.851078880015663	20982222.0	13732959.0	65.45	7249263.0	34.55	SRX666589_trimmed.fq.gz	Conventional base calls	Sanger / Illumina 1.9	20982222.0	0.0	20-50	49.0	20.288631793143185	48.656636747051856	pass	pass	pass	pass	fail	fail	pass	warn	fail	fail	pass	20990818	12832014	20990818	1049540900	14497564	1021060183	2.7136357430186853	0.5920000000000001	0.233	0.175
SRX666590	22189021	2680590	3494813	10672942	0	0	0	0	0	0	0	0	0	4940145	393434	7097	12.080704236568165	22189021.0	11516079.0	51.9	10672942.0	48.1	SRX666590_trimmed.fq.gz	Conventional base calls	Sanger / Illumina 1.9	22189021.0	0.0	20-50	46.0	19.901532011870838	47.94326559067208	pass	pass	pass	pass	fail	fail	pass	warn	fail	fail	pass	22202324	14993887	22202324	1110116200	30080537	1064021865	4.1522081201949845	0.6965	0.2378	0.0657
SRX666591	32095350	1965606	9005472	19832904	0	0	0	0	0	0	0	0	0	1024099	252296	14973	6.124270338226565	32095350.0	12262446.0	38.21	19832904.0	61.79	SRX666591_trimmed.fq.gz	Conventional base calls	Sanger / Illumina 1.9	32095350.0	0.0	20-100	43.0	16.487008531708707	86.81860923778679	pass	pass	fail	pass	fail	fail	pass	warn	fail	fail	pass	32103911	25339188	32103911	3210391100	378285264	2805738533	12.60446326928828	0.6269	0.2611	0.11199999999999999
SRX6747384	45967724	646305	6295520	38362367	0	0	0	0	0	0	0	0	0	640300	18663	4569	1.4059973906909118	45967724.0	7605357.0	16.54	38362367.0	83.46	SRX6747384_trimmed.fq.gz	Conventional base calls	Sanger / Illumina 1.9	45967724.0	0.0	18-51	53.0	10.207316066452906	41.03326046771426	pass	pass		pass	fail	pass	pass	warn	fail	warn	pass	47235537	33250986	47235537	2409012387	7856557	1904207913	20.95483098070097	0.6051	0.17300000000000001	0.2219
SRX6747385	53845180	525553	518	49638355	0	0	0	0	0	0	0	0	0	3674770	4102	1882	0.9760446524647146	53845180.0	4206825.0	7.81	49638355.0	92.19	SRX6747385_trimmed.fq.gz	Conventional base calls	Sanger / Illumina 1.9	53845180.0	0.0	18-51	60.0	11.043784207438224	40.6094924931071	pass	pass		pass	fail	warn	pass	warn	fail	fail	pass	55893819	40216428	55893819	2850584769	11676916	2215101533	22.29308326175232	0.1588	0.3934	0.4477
SRX6747386	75182066	791600	701	68937655	0	0	0	0	0	0	0	0	0	5443407	4523	4180	1.0529106768627507	75182066.0	6244411.0	8.31	68937655.0	91.69	SRX6747386_trimmed.fq.gz	Conventional base calls	Sanger / Illumina 1.9	75182066.0	0.0	18-51	60.0	9.734897981282003	41.0371117095931	pass	pass		pass	fail	fail	pass	warn	fail	fail	pass	78816010	55287215	78816010	4019616510	16029647	3135650946	21.99129100502177	0.1504	0.3713	0.4784
SRX6747387	86597846	1168597	1916	82481281	0	0	0	0	0	0	0	0	0	2937253	4253	4546	1.3494527335010158	86597846.0	4116565.0	4.75	82481281.0	95.25	SRX6747387_trimmed.fq.gz	Conventional base calls	Sanger / Illumina 1.9	86597846.0	0.0	18-51	63.0	7.805708273264375	40.160267311960624	pass	pass		pass	fail	fail	pass	warn	fail	fail	pass	91067658	66215594	91067658	4644450558	18339715	3540477245	23.76972903928155	0.1178	0.4171	0.4651
SRX6747388	292920911	8174800	30250154	252739875	0	0	0	0	0	0	0	0	0	1663285	70678	22119	2.7907874422799397	292920911.0	40181036.0	13.72	252739875.0	86.28	SRX6747388_trimmed.fq.gz	Conventional base calls	Sanger / Illumina 1.9	292920911.0	0.0	18-51	60.0	7.63233705732074	40.27554565402809	pass	pass		pass	fail	fail	pass	warn	fail	fail	pass	310048579	225050464	310048579	15812477529	57125122	12034696543	23.891139001282806	0.1814	0.3243	0.4943
SRX6747389	45352662	508270	15114224	29097322	0	0	0	0	0	0	0	0	0	608884	21501	2461	1.1207059907530896	45352662.0	16255340.0	35.84	29097322.0	64.16	SRX6747389_trimmed.fq.gz	Conventional base calls	Sanger / Illumina 1.9	45352662.0	0.0	18-51	53.0	9.264223974880787	48.638952835888674	pass	pass		pass	fail	warn	pass	warn	fail	fail	pass	45456680	19352335	45456680	2318290680	6957757	2206950653	4.802677591750487	0.8357	0.0871	0.0772
