	Total	Assigned	Unassigned_rRNA	Unassigned_Unmapped	Unassigned_Read_Type	Unassigned_Singleton	Unassigned_MappingQuality	Unassigned_Chimera	Unassigned_FragmentLength	Unassigned_Duplicate	Unassigned_MultiMapping	Unassigned_Secondary	Unassigned_NonSplit	Unassigned_NoFeatures	Unassigned_Overlapping_Length	Unassigned_Ambiguity	percent_assigned	reads_processed	reads_aligned	reads_aligned_percentage	not_aligned	not_aligned_percentage	Filename	File type	Encoding	Total Sequences	Sequences flagged as poor quality	Sequence length	%GC	total_deduplicated_percentage	avg_sequence_length	basic_statistics	per_base_sequence_quality	per_tile_sequence_quality	per_sequence_quality_scores	per_base_sequence_content	per_sequence_gc_content	per_base_n_content	sequence_length_distribution	sequence_duplication_levels	overrepresented_sequences	adapter_content	r_processed	r_with_adapters	r_written	bp_processed	quality_trimmed	bp_written	percent_trimmed	pe_sense	pe_antisense	failed	se_sense	se_antisense
ERX1409468	6335391	170448	5667861	458589	0	0	0	0	6220	0	0	0	0	20857	10991	425	2.6904101104414866	6335391.0	5876802.0	92.76	458589.0	7.24	ERX1409468_val_2.fq.gz	Conventional base calls	Sanger / Illumina 1.9	6335391.0	0.0	20-101	53.0	12.057777059043586	88.28142572415814	pass	pass	fail	pass	fail	warn	pass	warn	fail	warn	pass	6423471	1377519	6423471	648770571	76671518	569364929	12.239402579190047	0.3362	0.3147	0.3491		
ERX1409469	6688885	178878	5969930	500076	0	0	0	0	6680	0	0	0	0	21588	11303	430	2.674257368754284	6688885.0	6188809.0	92.52	500076.0	7.48	ERX1409469_val_2.fq.gz	Conventional base calls	Sanger / Illumina 1.9	6688885.0	0.0	20-101	53.0	12.435890950666835	87.96975011530323	pass	pass	fail	pass	fail	warn	pass	warn	fail	warn	pass	6778708	1524253	6778708	684649508	78997273	602645918	11.977455477847213	0.3286	0.3347	0.3366		
ERX1409470	6635037	176976	5899342	518784	0	0	0	0	6506	0	0	0	0	21534	11466	429	2.6672948470370246	6635037.0	6116253.0	92.18	518784.0	7.82	ERX1409470_val_2.fq.gz	Conventional base calls	Sanger / Illumina 1.9	6635037.0	0.0	20-101	53.0	12.33189064260345	87.53410960632169	pass	pass	fail	pass	fail	warn	pass	warn	fail	warn	pass	6741700	2036042	6741700	680911700	91553896	585910798	13.95201492352092	0.3258	0.326	0.3482		
ERX1409471	6788963	174774	6087024	481709	0	0	0	0	5179	0	0	0	0	29046	10845	386	2.5743843352806604	6788963.0	6307254.0	92.9	481709.0	7.1	ERX1409471_val_1.fq.gz	Conventional base calls	Sanger / Illumina 1.9	6788963.0	0.0	20-101	54.0	11.176111417037868	87.85199742582188	pass	pass	fail	pass	fail	pass	pass	warn	fail	warn	pass	6886827	1462715	6886827	695569527	85633861	607218072	12.702030720215838	0.2814	0.2928	0.4258		
ERX1409472	7107019	181728	6358572	519293	0	0	0	0	5431	0	0	0	0	30263	11345	387	2.5570214459817824	7107019.0	6587726.0	92.69	519293.0	7.31	ERX1409472_val_1.fq.gz	Conventional base calls	Sanger / Illumina 1.9	7107019.0	0.0	20-101	54.0	10.936755499158282	88.23778774194919	pass	pass	warn	pass	fail	pass	pass	warn	fail	warn	pass	7204779	2170910	7204779	727682679	94843134	629251440	13.526670599782136	0.2899	0.2847	0.4254		
ERX1409473	7045846	179996	6282181	536793	0	0	0	0	5253	0	0	0	0	30198	11031	394	2.554639996389362	7045846.0	6509053.0	92.38	536793.0	7.62	ERX1409473_val_2.fq.gz	Conventional base calls	Sanger / Illumina 1.9	7045846.0	0.0	20-101	53.0	12.217565206154285	87.30912909535633	pass	pass	fail	pass	fail	warn	pass	warn	fail	warn	pass	7161898	2140029	7161898	723351698	99190968	620647027	14.198441959004011	0.2698	0.2789	0.4513		
ERX1409474	6461695	144692	5861597	420363	0	0	0	0	5943	0	0	0	0	20452	8323	325	2.239226704448291	6461695.0	6041332.0	93.49	420363.0	6.51	ERX1409474_val_2.fq.gz	Conventional base calls	Sanger / Illumina 1.9	6461695.0	0.0	20-101	54.0	12.072652550110547	87.67479368803387	pass	pass	fail	pass	fail	warn	pass	warn	fail	warn	pass	6556738	1961716	6556738	662230538	87675573	571416998	13.713281823919756	0.2776	0.2701	0.4523		
ERX1409475	6745605	151167	6118167	439470	0	0	0	0	6198	0	0	0	0	21843	8465	295	2.2409702317286593	6745605.0	6306135.0	93.49	439470.0	6.51	ERX1409475_val_1.fq.gz	Conventional base calls	Sanger / Illumina 1.9	6745605.0	0.0	20-101	54.0	10.700725645689174	88.10701901460286	pass	pass	warn	pass	fail	pass	pass	warn	fail	warn	pass	6841119	1502938	6841119	690953019	83342898	604910310	12.452758238834761	0.28600000000000003	0.2636	0.4504		
ERX1409476	6678915	149592	6040547	452312	0	0	0	0	6043	0	0	0	0	21438	8627	356	2.2397649917688724	6678915.0	6226603.0	93.23	452312.0	6.77	ERX1409476_val_2.fq.gz	Conventional base calls	Sanger / Illumina 1.9	6678915.0	0.0	20-101	54.0	12.227555651874894	86.97271787408583	pass	pass	fail	pass	fail	warn	pass	warn	fail	warn	pass	6787378	2018955	6787378	685525178	96297871	586023529	14.514660029015012	0.2768	0.2961	0.4272		
ERX1409477	7360355	140242	6685562	496935	0	0	0	0	6075	0	0	0	0	23260	8005	276	1.905370053482475	7360355.0	6863420.0	93.25	496935.0	6.75	ERX1409477_val_2.fq.gz	Conventional base calls	Sanger / Illumina 1.9	7360355.0	0.0	20-101	54.0	11.130362337215171	87.83985364836344	pass	pass	fail	pass	fail	warn	pass	warn	fail	warn	pass	7468191	1609897	7468191	754287291	94829683	656193120	13.00488184945436	0.2785	0.2714	0.4501		
ERX1409478	7740365	146519	7013360	541209	0	0	0	0	6286	0	0	0	0	24429	8299	263	1.8929210702596069	7740365.0	7199156.0	93.01	541209.0	6.99	ERX1409478_val_1.fq.gz	Conventional base calls	Sanger / Illumina 1.9	7740365.0	0.0	20-101	54.0	10.071394645224744	87.87628025293381	pass	pass	warn	pass	fail	pass	pass	warn	fail	warn	pass	7849964	2395605	7849964	792846364	104907210	683692294	13.76736716673648	0.2755	0.2656	0.4588		
ERX1409479	7662221	144488	6915750	563415	0	0	0	0	5961	0	0	0	0	24076	8256	275	1.8857195583369364	7662221.0	7098806.0	92.65	563415.0	7.35	ERX1409479_val_1.fq.gz	Conventional base calls	Sanger / Illumina 1.9	7662221.0	0.0	20-101	54.0	10.102736766722387	87.42494767509315	pass	pass	warn	pass	fail	pass	pass	warn	fail	warn	pass	7792102	1725744	7792102	787002302	99973432	683573931	13.142067149887446	0.2754	0.2637	0.4609		
ERX1409480	10340359	120954	10083009	95141	0	0	0	0	0	0	0	0	0	37501	3474	280	1.169727279294655	10340359.0	10245218.0	99.08	95141.0	0.92	ERX1409480_trimmed.fq.gz	Conventional base calls	Sanger / Illumina 1.9	10340359.0	0.0	20-36	54.0	6.92683241109169	35.08114843981723	pass	pass	fail	pass	fail	pass	pass	warn	fail	fail	pass	13752171	3223286	13752171	495078156	121044514	369760080	25.312786371451217			0.4414	0.3015	0.2571
ERX1409481	10097108	118435	9842072	95685	0	0	0	0	0	0	0	0	0	37138	3501	277	1.1729596236863071	10097108.0	10001423.0	99.05	95685.0	0.95	ERX1409481_trimmed.fq.gz	Conventional base calls	Sanger / Illumina 1.9	10097108.0	0.0	20-36	54.0	6.7117531028147965	34.98470552162065	pass	pass	fail	pass	fail	pass	pass	warn	fail	fail	pass	14021382	3172842	14021382	504769752	138932650	361637563	28.355936232882677			0.4348	0.3002	0.2651
ERX1409482	10275877	119608	10022176	92687	0	0	0	0	0	0	0	0	0	37700	3429	277	1.1639687785285868	10275877.0	10183190.0	99.1	92687.0	0.9	ERX1409482_trimmed.fq.gz	Conventional base calls	Sanger / Illumina 1.9	10275877.0	0.0	20-36	54.0	5.916953796470486	34.94178472552756	pass	pass	pass	pass	fail	pass	pass	warn	fail	fail	pass	13747767	3191495	13747767	494919612	122489681	368206040	25.602859318494733			0.4378	0.2974	0.2648
ERX1409483	10937078	109436	10682230	101033	0	0	0	0	0	0	0	0	0	40863	3244	272	1.0005963201505923	10937078.0	10836045.0	99.08	101033.0	0.92	ERX1409483_trimmed.fq.gz	Conventional base calls	Sanger / Illumina 1.9	10937078.0	0.0	20-36	54.0	6.8747411630741055	35.08674519830617	pass	pass	fail	pass	fail	pass	pass	warn	fail	warn	pass	14594950	3409372	14594950	525418200	129867904	391016658	25.579917482873643			0.4832	0.2815	0.2353
ERX1409484	10727477	107787	10473832	101776	0	0	0	0	0	0	0	0	0	40566	3256	260	1.0047749344976458	10727477.0	10625701.0	99.05	101776.0	0.95	ERX1409484_trimmed.fq.gz	Conventional base calls	Sanger / Illumina 1.9	10727477.0	0.0	20-36	54.0	6.577688342938827	34.979607040872715	pass	pass	fail	pass	fail	pass	pass	warn	fail	warn	pass	15107140	3381941	15107140	543857040	155263390	384104906	29.373920396433594			0.479	0.2792	0.2418
ERX1409485	10893940	109151	10642876	97513	0	0	0	0	0	0	0	0	0	40961	3195	244	1.0019423642869338	10893940.0	10796427.0	99.1	97513.0	0.9	ERX1409485_trimmed.fq.gz	Conventional base calls	Sanger / Illumina 1.9	10893940.0	0.0	20-36	54.0	5.956293617339267	34.92816354780732	pass	pass	pass	pass	fail	pass	pass	warn	fail	warn	pass	14826383	3400498	14826383	533749788	138948396	390287599	26.878172549269465			0.4679	0.2946	0.2375
ERX3467881	28889873	12439361	14839	5472501	0	0	0	0	2159470	0	0	0	0	7880833	858679	64190	43.05785975590824	28889873.0	23417372.0	81.06	5472501.0	18.94	ERX3467881_val_1.fq.gz	Conventional base calls	Sanger / Illumina 1.9	28889873.0	0.0	20-75	52.0	26.685555005787943	69.73828143862039	pass	pass	pass	pass	fail	warn	pass	warn	fail	warn	pass	29178462	9616992	29178462	2061752365	5781755	2043953434	0.8632914069677811	0.5723	0.0511	0.3766		
ERX3467882	39004232	16844327	24862	7843769	0	0	0	0	3018831	0	0	0	0	10276901	924335	71207	43.18589582791939	39004232.0	31160463.0	79.89	7843769.0	20.11	ERX3467882_val_1.fq.gz	Conventional base calls	Sanger / Illumina 1.9	39004232.0	0.0	20-75	51.0	25.906383348627248	69.64652912535234	pass	pass	pass	pass	fail	warn	pass	warn	fail	warn	pass	39392158	10361117	39392158	2788005555	31624226	2741508092	1.6677679467536068	0.6083	0.0644	0.3273		
ERX3467883	16819699	7612354	10807	3050711	0	0	0	0	1273427	0	0	0	0	4256756	582517	33127	45.25856259377768	16819699.0	13768988.0	81.86	3050711.0	18.14	ERX3467883_val_1.fq.gz	Conventional base calls	Sanger / Illumina 1.9	16819699.0	0.0	20-75	52.0	31.67806450495924	69.56077715778386	pass	pass	pass	pass	fail	warn	pass	warn	fail	warn	pass	16960773	4506230	16960773	1200027050	12861400	1180744364	1.6068542788264646	0.5926	0.05	0.3574		
ERX3467884	34705645	15932739	20814	5996172	0	0	0	0	3008352	0	0	0	0	8603794	1038260	105514	45.90820599934103	34705645.0	28709473.0	82.72	5996172.0	17.28	ERX3467884_val_1.fq.gz	Conventional base calls	Sanger / Illumina 1.9	34705645.0	0.0	20-75	51.0	26.96181271014539	69.15999307893571	pass	pass	pass	pass	fail	warn	pass	warn	fail	warn	pass	34976581	9357333	34976581	2460753574	24137906	2423158638	1.5277814242443115	0.5436	0.0713	0.3851		
ERX3467885	33850993	15748972	24077	7046689	0	0	0	0	2295103	0	0	0	0	7191773	1423436	120943	46.52440181001485	33850993.0	26804304.0	79.18	7046689.0	20.82	ERX3467885_val_1.fq.gz	Conventional base calls	Sanger / Illumina 1.9	33850993.0	0.0	20-75	51.0	27.696857462141622	69.92300509471022	pass	pass	pass	pass	fail	warn	pass	warn	fail	warn	pass	34123515	11028224	34123515	2418055048	6917488	2397319671	0.8575229508174539	0.5055	0.0681	0.4264		
ERX3467886	25725950	12663327	12840	4658501	0	0	0	0	1533481	0	0	0	0	5599756	1157141	100904	49.223943139126064	25725950.0	21067449.0	81.89	4658501.0	18.11	ERX3467886_val_1.fq.gz	Conventional base calls	Sanger / Illumina 1.9	25725950.0	0.0	20-75	51.0	30.112023884119743	70.1743668941283	pass	pass	pass	pass	fail	warn	pass	warn	fail	warn	pass	25923932	8450627	25923932	1844704274	5529380	1828544949	0.875984580713342	0.5106	0.086	0.4034		
ERX3503512	17240856	9641035	47677	2894345	0	0	0	0	621240	0	0	0	0	3266749	716510	53300	55.919700274742745	17240856.0	14346511.0	83.21	2894345.0	16.79	ERX3503512_val_2.fq.gz	Conventional base calls	Sanger / Illumina 1.9	17240856.0	0.0	20-75	50.0	35.523329777103854	71.31370333352358	pass	pass	pass	pass	fail	warn	pass	warn	fail	warn	pass	17408042	5736644	17408042	1257978995	3292189	1247712539	0.8161071083702792	0.6707	0.0397	0.2896		
ERX3503513	17987355	10717051	95522	3054187	0	0	0	0	142516	0	0	0	0	3139648	764743	73688	59.58102789431798	17987355.0	14933168.0	83.02	3054187.0	16.98	ERX3503513_val_1.fq.gz	Conventional base calls	Sanger / Illumina 1.9	17987355.0	0.0	20-75	51.0	32.66806787704676	72.95654864208774	pass	pass	pass	pass	fail	warn	pass	warn	fail	warn	pass	18114111	5965247	18114111	1341694978	3696575	1331007637	0.796555191399099	0.6573	0.0404	0.3022		
ERX3503514	18025627	10619169	56662	3150191	0	0	0	0	139884	0	0	0	0	3256534	738387	64800	58.91150970781766	18025627.0	14875436.0	82.52	3150191.0	17.48	ERX3503514_val_2.fq.gz	Conventional base calls	Sanger / Illumina 1.9	18025627.0	0.0	20-75	50.0	34.87852328436483	72.85869079616481	pass	pass	pass	pass	fail	fail	pass	warn	fail	warn	pass	18165827	4973775	18165827	1345805093	14970141	1325101175	1.5384038972424958	0.6689	0.0342	0.2969		
ERX3503515	17134821	9386202	32987	2674695	0	0	0	0	534443	0	0	0	0	3651881	807109	47504	54.778523802495506	17134821.0	14460126.0	84.39	2674695.0	15.61	ERX3503515_val_1.fq.gz	Conventional base calls	Sanger / Illumina 1.9	17134821.0	0.0	20-75	52.0	37.24271772710896	71.42245197659199	pass	pass	pass	pass	fail	warn	pass	warn	fail	warn	pass	17293147	5682089	17293147	1251600112	3591311	1241014564	0.8457611898967295	0.5457	0.08199999999999999	0.3722		
ERX3503516	16641820	9942847	12519	2631768	0	0	0	0	87042	0	0	0	0	3070413	823367	73864	59.746151562749745	16641820.0	14010052.0	84.19	2631768.0	15.81	ERX3503516_val_1.fq.gz	Conventional base calls	Sanger / Illumina 1.9	16641820.0	0.0	20-75	52.0	34.91248923137581	73.08519284549406	pass	pass	pass	pass	fail	pass	pass	warn	fail	warn	pass	16737311	4640605	16737311	1242756297	11267167	1226179235	1.3338948303876508	0.5675	0.0727	0.3598		
ERX3503517	16274542	9663323	20320	2496796	0	0	0	0	96642	0	0	0	0	3097081	827817	72563	59.376927473596496	16274542.0	13777746.0	84.66	2496796.0	15.34	ERX3503517_val_1.fq.gz	Conventional base calls	Sanger / Illumina 1.9	16274542.0	0.0	20-75	52.0	34.60687260247639	73.05007624792145	pass	pass	pass	pass	fail	warn	pass	warn	fail	warn	pass	16379256	4541122	16379256	1215641886	12043973	1198402735	1.4181109748302965	0.5611	0.0716	0.3673		
ERX3503518	17113960	10554544	26959	2640601	0	0	0	0	92681	0	0	0	0	2873827	843884	81464	61.67213199049197	17113960.0	14473359.0	84.57	2640601.0	15.43	ERX3503518_val_1.fq.gz	Conventional base calls	Sanger / Illumina 1.9	17113960.0	0.0	20-75	51.0	33.62147326757146	73.07731582871527	pass	pass	pass	pass	fail	warn	pass	warn	fail	warn	pass	17213968	4808203	17213968	1278264441	11902619	1260861552	1.3614466961457157	0.6502	0.0477	0.3022		
ERX3503519	18753243	11165234	74395	3217797	0	0	0	0	128704	0	0	0	0	3288972	803505	74636	59.537617040423356	18753243.0	15535446.0	82.84	3217797.0	17.16	ERX3503519_val_1.fq.gz	Conventional base calls	Sanger / Illumina 1.9	18753243.0	0.0	20-75	51.0	33.70478184782054	72.94592887214228	pass	pass	pass	pass	fail	warn	pass	warn	fail	warn	pass	18886736	6273959	18886736	1398625636	3683576	1387580868	0.7896872269256761	0.6312	0.0502	0.3186		
ERX3503520	15478815	9165771	96541	2608724	0	0	0	0	84752	0	0	0	0	2713452	747741	61834	59.21493990334531	15478815.0	12870091.0	83.15	2608724.0	16.85	ERX3503520_val_1.fq.gz	Conventional base calls	Sanger / Illumina 1.9	15478815.0	0.0	20-75	51.0	36.90390606455949	73.02184114223216	pass	pass	pass	pass	fail	warn	pass	warn	fail	warn	pass	15567071	4246900	15567071	1155282298	11336429	1138997296	1.4096123543303871	0.6156	0.0538	0.3306		
SRX1258662	21931555	4901746	97443	13199871	0	0	0	0	116805	0	0	0	0	3156657	435174	23859	22.35019815056433	21931555.0	8731684.0	39.81	13199871.0	60.19	SRX1258662_val_1.fq.gz	Conventional base calls	Sanger / Illumina 1.9	21931555.0	0.0	20-101	48.0	36.12132323079697	94.96459854305814	pass	pass	warn	pass	warn	fail	pass	warn	fail	fail	pass	24236488	10220122	24236488	2447885288	171085508	2125449390	13.172018295981523	0.3394	0.16899999999999998	0.4917		
SRX1258663	19964662	1155032	27114	18093283	0	0	0	0	47574	0	0	0	0	519771	111611	10277	5.785382191794683	19964662.0	1871379.0	9.37	18093283.0	90.63	SRX1258663_val_2.fq.gz	Conventional base calls	Sanger / Illumina 1.9	19964662.0	0.0	20-101	47.0	39.01905303757293	92.94357319948617	pass	pass	warn	pass	fail	fail	pass	warn	fail	warn	pass	21047813	8993170	21047813	2125829113	110882227	1900768700	10.586947540782877	0.3172	0.2646	0.4182		
SRX1258664	20808466	5434077	843131	11646871	0	0	0	0	194860	0	0	0	0	2133590	502494	53443	26.114740990517998	20808466.0	9161595.0	44.03	11646871.0	55.97	SRX1258664_val_2.fq.gz	Conventional base calls	Sanger / Illumina 1.9	20808466.0	0.0	20-101	49.0	37.872521476064136	94.11853569599987	pass	pass	warn	pass	fail	fail	pass	warn	fail	warn	pass	22986782	9563985	22986782	2321664982	173275389	2006076276	13.5932061019474	0.3245	0.2335	0.4421		
SRX1258665	24040170	1150379	35099	22446463	0	0	0	0	45343	0	0	0	0	242345	107693	12848	4.785236543668368	24040170.0	1593707.0	6.63	22446463.0	93.37	SRX1258665_val_2.fq.gz	Conventional base calls	Sanger / Illumina 1.9	24040170.0	0.0	20-101	46.0	48.00756212320579	93.03687760943454	pass	pass	warn	pass	fail	fail	pass	warn	fail	warn	pass	25475126	11277490	25475126	2572987726	137873806	2284981948	11.193437694618835	0.3451	0.255	0.3999		
SRX1258666	19227774	2114594	145967	16021178	0	0	0	0	69099	0	0	0	0	648743	203246	24947	10.99760169845974	19227774.0	3206596.0	16.68	16021178.0	83.32	SRX1258666_val_1.fq.gz	Conventional base calls	Sanger / Illumina 1.9	19227774.0	0.0	20-101	47.0	41.174556997578186	96.05406720507533	pass	pass	warn	pass	warn	fail	pass	warn	fail	fail	pass	20513865	7629347	20513865	2071900365	118218298	1878263753	9.345845740029104	0.33899999999999997	0.2246	0.4364		
SRX1258667	19504575	1467548	152661	17280367	0	0	0	0	56072	0	0	0	0	401203	131016	15708	7.524121904732608	19504575.0	2224208.0	11.4	17280367.0	88.6	SRX1258667_val_1.fq.gz	Conventional base calls	Sanger / Illumina 1.9	19504575.0	0.0	20-101	48.0	35.41343349814554	94.78289580777843	pass	pass	warn	pass	warn	fail	pass	warn	fail	fail	pass	20719240	7992292	20719240	2092643240	120601815	1882603217	10.037067904608527	0.3438	0.2004	0.4558		
SRX1258668	14531045	9479560	242689	1664516	0	0	0	0	250410	0	0	0	0	1927746	876943	89181	65.23660204754717	14531045.0	12866529.0	88.55	1664516.0	11.45	SRX1258668_val_2.fq.gz	Conventional base calls	Sanger / Illumina 1.9	14531045.0	0.0	20-101	50.0	37.020078131014884	94.69044008878922	pass	pass	warn	pass	warn	warn	pass	warn	fail	warn	pass	17427397	8242100	17427397	1760167097	131900218	1441591007	18.09919584015494	0.3492	0.2002	0.4506		
SRX1258669	17785728	10760840	67628	2025838	0	0	0	0	171996	0	0	0	0	3767086	919321	73019	60.502668206777926	17785728.0	15759890.0	88.61	2025838.0	11.39	SRX1258669_val_1.fq.gz	Conventional base calls	Sanger / Illumina 1.9	17785728.0	0.0	20-101	51.0	18.561300451542014	96.64858531514706	pass	pass	warn	pass	warn	pass	pass	warn	fail	fail	pass	20162622	8440820	20162622	2036424822	126223817	1779377944	12.62245849800391	0.4281	0.0859	0.486		
SRX1258670	17781925	10303554	81964	1821589	0	0	0	0	243541	0	0	0	0	4386329	886732	58216	57.943974007313614	17781925.0	15960336.0	89.76	1821589.0	10.24	SRX1258670_val_2.fq.gz	Conventional base calls	Sanger / Illumina 1.9	17781925.0	0.0	20-101	51.0	28.390305864267727	94.74227014229336	pass	pass	warn	pass	warn	warn	pass	warn	fail	warn	pass	20058129	8072973	20058129	2025871029	169303926	1721104336	15.043736182477385	0.3702	0.1453	0.4845		
SRX2195704	5176989	780800	3819578	73025	0	0	0	0	0	0	0	0	0	444032	58048	1506	15.082125923002733	5176989.0	5103964.0	98.59	73025.0	1.41	SRX2195704_trimmed.fq.gz	Conventional base calls	Sanger / Illumina 1.9	5176989.0	0.0	20-51	53.0	10.803920650883608	50.389264300155936	pass	pass	pass	pass	fail	warn	pass	warn	fail	fail	pass	5195082	1898549	5195082	264949182	394907	260966238	1.5032860150517469			0.4931	0.4581	0.0488
SRX2195705	5556843	3190738	66293	155170	0	0	0	0	0	0	0	0	0	1829525	309327	5790	57.419977494415434	5556843.0	5401673.0	97.21	155170.0	2.79	SRX2195705_trimmed.fq.gz	Conventional base calls	Sanger / Illumina 1.9	5556843.0	0.0	20-51	50.0	21.388997280824068	50.25645388937568	pass	pass	pass	pass	fail	pass	pass	warn	fail	fail	pass	5946458	2489648	5946458	303269358	423365	281330794	7.234019336698037			0.4937	0.4501	0.0563
SRX2195706	6042564	2437930	21635	631944	0	0	0	0	0	0	0	0	0	2674301	271807	4947	40.34595247977514	6042564.0	5410620.0	89.54	631944.0	10.46	SRX2195706_trimmed.fq.gz	Conventional base calls	Sanger / Illumina 1.9	6042564.0	0.0	20-51	51.0	17.758236160113352	49.60725413913696	pass	pass	pass	pass	fail	fail	pass	warn	fail	fail	pass	6174380	2642393	6174380	314893380	415927	300597836	4.539804552258291			0.5419	0.3937	0.0644
SRX2195707	6526880	2689283	23849	630138	0	0	0	0	0	0	0	0	0	2872892	305230	5488	41.20319356262104	6526880.0	5896742.0	90.35	630138.0	9.65	SRX2195707_trimmed.fq.gz	Conventional base calls	Sanger / Illumina 1.9	6526880.0	0.0	20-51	51.0	18.84815336754461	49.516843729316314	pass	pass	pass	pass	fail	fail	pass	warn	fail	warn	pass	6914006	3102295	6914006	352614306	457566	325538966	7.678457606311638			0.5375	0.39899999999999997	0.0635
SRX2195708	5585889	2834952	26754	228053	0	0	0	0	0	0	0	0	0	2161703	328938	5489	50.75202890712652	5585889.0	5357836.0	95.92	228053.0	4.08	SRX2195708_trimmed.fq.gz	Conventional base calls	Sanger / Illumina 1.9	5585889.0	0.0	20-51	50.0	20.80647131112316	50.18266528389662	pass	pass	pass	pass	fail	warn	pass	warn	fail	warn	pass	5621781	2063307	5621781	286710831	423037	280541926	2.151612123784748			0.5338	0.3998	0.0664
SRX2195709	5677556	2781286	20007	282181	0	0	0	0	0	0	0	0	0	2253885	334889	5308	48.98738119007545	5677556.0	5395375.0	95.03	282181.0	4.97	SRX2195709_trimmed.fq.gz	Conventional base calls	Sanger / Illumina 1.9	5677556.0	0.0	20-51	50.0	20.297839729604565	50.05394099151113	pass	pass	pass	pass	fail	warn	pass	warn	fail	warn	pass	5780094	2216707	5780094	294784794	406819	284808046	3.3844174472581514			0.5447	0.3926	0.0627
SRX2195710	5748388	3344149	14837	144618	0	0	0	0	0	0	0	0	0	1943352	295609	5823	58.17542239667885	5748388.0	5603770.0	97.48	144618.0	2.52	SRX2195710_trimmed.fq.gz	Conventional base calls	Sanger / Illumina 1.9	5748388.0	0.0	20-51	51.0	21.372531216086358	50.25801494262392	pass	pass	pass	pass	fail	pass	pass	warn	fail	fail	pass	6277633	2564147	6277633	320159283	479314	291562029	8.932195790805789			0.512	0.4416	0.0463
SRX2195711	4964653	2837029	29724	131973	0	0	0	0	0	0	0	0	0	1662676	298338	4913	57.14455773646215	4964653.0	4832680.0	97.34	131973.0	2.66	SRX2195711_trimmed.fq.gz	Conventional base calls	Sanger / Illumina 1.9	4964653.0	0.0	20-51	51.0	22.74903289537794	50.347949393442	pass	pass	pass	pass	fail	warn	pass	warn	fail	fail	pass	5072000	1852806	5072000	258672000	376019	250519493	3.1516774138677555			0.5174	0.4314	0.0511
SRX254824	27158417	1956663	23149508	1668220	0	0	0	0	0	0	0	0	0	297929	83016	3081	7.20462831099471	27158417.0	25490197.0	93.86	1668220.0	6.14	SRX254824_trimmed.fq.gz	Conventional base calls	Sanger / Illumina 1.9	27158417.0	0.0	20-75	52.0	7.666805616486568	72.80681609682921	pass	pass	pass	pass	fail	warn	pass	warn	fail	fail	pass	27177637	7795942	27177637	2038322775	29915047	1996027568	2.075000462083342			0.4602	0.2618	0.2781
SRX254825	20475078	1464135	17348208	1369224	0	0	0	0	0	0	0	0	0	227488	63595	2428	7.15081524964154	20475078.0	19105854.0	93.31	1369224.0	6.69	SRX254825_trimmed.fq.gz	Conventional base calls	Sanger / Illumina 1.9	20475078.0	0.0	20-75	52.0	10.125820812647788	72.7054375079792	pass	pass	fail	pass	fail	warn	pass	warn	fail	fail	pass	20483214	5783471	20483214	1536241050	25103399	1502606894	2.189380110627821			0.4551	0.2655	0.2793
SRX254826	25030647	1516324	22853509	298807	0	0	0	0	0	0	0	0	0	296737	62999	2271	6.0578697785958155	25030647.0	24731840.0	98.81	298807.0	1.19	SRX254826_trimmed.fq.gz	Conventional base calls	Sanger / Illumina 1.9	25030647.0	0.0	20-75	52.0	7.5663057007207195	72.77454306314975	pass	pass	pass	pass	fail	warn	pass	warn	fail	fail	pass	25040451	7235473	25040451	1878033825	28659397	1838755265	2.0914724472547768			0.5008	0.2485	0.2506
SRX254827	26600983	1919457	23974741	262150	0	0	0	0	0	0	0	0	0	363526	77921	3188	7.215737102647673	26600983.0	26338833.0	99.01	262150.0	0.99	SRX254827_trimmed.fq.gz	Conventional base calls	Sanger / Illumina 1.9	26600983.0	0.0	20-75	52.0	7.544030912255309	72.77100180846699	pass	pass	pass	pass	fail	warn	pass	warn	fail	fail	pass	26603964	7751618	26603964	1995297300	30522552	1953906355	2.074424949104076			0.4872	0.2608	0.252
SRX254828	22245003	1947727	19631568	239511	0	0	0	0	0	0	0	0	0	331842	91743	2612	8.755795627449455	22245003.0	22005492.0	98.92	239511.0	1.08	SRX254828_trimmed.fq.gz	Conventional base calls	Sanger / Illumina 1.9	22245003.0	0.0	20-75	52.0	9.485303335792524	72.65843533489297	pass	pass	fail	pass	fail	warn	pass	warn	fail	fail	pass	22247904	6428335	22247904	1668592800	27954821	1631289206	2.2356319648508607			0.4747	0.2578	0.2675
SRX254829	24547210	2304712	21403461	323521	0	0	0	0	0	0	0	0	0	394508	118061	2947	9.388895927480151	24547210.0	24223689.0	98.68	323521.0	1.32	SRX254829_trimmed.fq.gz	Conventional base calls	Sanger / Illumina 1.9	24547210.0	0.0	20-75	52.0	9.039560306946608	72.75479584034194	pass	pass	pass	pass	fail	warn	pass	warn	fail	fail	pass	24557720	7163314	24557720	1841829000	28600247	1802655833	2.126862320009078			0.4584	0.265	0.2766
SRX254830	20562020	1996832	17929844	189406	0	0	0	0	0	0	0	0	0	340970	102507	2461	9.711263776613388	20562020.0	20372614.0	99.08	189406.0	0.92	SRX254830_trimmed.fq.gz	Conventional base calls	Sanger / Illumina 1.9	20562020.0	0.0	20-75	52.0	9.55344579853164	72.63880649858329	pass	pass	fail	pass	fail	warn	pass	warn	fail	fail	pass	20567192	6030658	20567192	1542539400	26206593	1507400829	2.277969107304488			0.4744	0.2607	0.2648
SRX254831	28723768	2665669	25228124	267654	0	0	0	0	0	0	0	0	0	428464	130616	3241	9.280359735533304	28723768.0	28456114.0	99.07	267654.0	0.93	SRX254831_trimmed.fq.gz	Conventional base calls	Sanger / Illumina 1.9	28723768.0	0.0	20-75	52.0	7.626921348376851	72.77039015215553	pass	pass	pass	pass	fail	warn	pass	warn	fail	fail	pass	28734142	8441466	28734142	2155060650	32622582	2109816502	2.0994373406613867			0.4738	0.257	0.2692
SRX2598260	10202819	5373798	207797	1122898	0	0	0	0	13612	0	0	0	0	3014238	434516	35960	52.669737647997074	10202819.0	9079921.0	88.99	1122898.0	11.01	SRX2598260_val_1.fq.gz	Conventional base calls	Sanger / Illumina 1.9	10202819.0	0.0	20-100	53.0	47.80257360372981	99.11420520152323	pass	pass		pass	fail	warn	warn	warn	fail	warn	pass	10233532	2977323	10233532	1023353200	6121522	1011799882	1.1289668122403878					
SRX2598262	12225036	3518782	306101	1126277	0	0	0	0	2638	0	0	0	0	7079910	170730	20598	28.78340808157948	12225036.0	11098759.0	90.79	1126277.0	9.21	SRX2598262_val_1.fq.gz	Conventional base calls	Sanger / Illumina 1.9	12225036.0	0.0	20-100	54.0	26.08826012675497	99.2508486682575	pass	pass		pass	fail	fail	warn	warn	fail	fail	pass	12247174	3472789	12247174	1224717400	6651784	1212964590	0.9596344430151804					
SRX3136375	9131558	6146753	18215	807419	0	0	0	0	16030	0	0	0	0	1755192	359402	28547	67.31329965817443	9131558.0	8324139.0	91.16	807419.0	8.84	SRX3136375_val_1.fq.gz	Conventional base calls	Sanger / Illumina 1.9	9131558.0	0.0	20-76	53.0	43.285991050608246	74.85343618252219	pass	pass		pass	fail	pass	pass	warn	fail	fail	pass	9141589	1159025	9141589	688179699	2525941	684071707	0.5969359465223051	0.0944	0.4559	0.4497		
SRX3136376	7912980	5471289	31728	670637	0	0	0	0	13631	0	0	0	0	1377227	324321	24147	69.14321785218716	7912980.0	7242343.0	91.52	670637.0	8.48	SRX3136376_val_2.fq.gz	Conventional base calls	Sanger / Illumina 1.9	7912980.0	0.0	20-76	53.0	40.171334451316056	74.72699716162558	pass	pass		pass	fail	pass	pass	warn	fail	warn	pass	7920859	1005686	7920859	596204254	1701618	593167531	0.5093427260248968	0.0851	0.465	0.4499		
SRX3136377	9436257	6480983	33969	874341	0	0	0	0	11600	0	0	0	0	1586280	416135	32949	68.68171352263933	9436257.0	8561916.0	90.73	874341.0	9.27	SRX3136377_val_1.fq.gz	Conventional base calls	Sanger / Illumina 1.9	9436257.0	0.0	20-76	53.0	47.90073457752508	74.90609443977628	pass	pass		pass	fail	pass	pass	warn	fail	warn	pass	9445969	799366	9445969	712060928	1477650	709445889	0.3672493317875181	0.1045	0.4328	0.4627		
SRX3136378	10746050	7705349	20259	894708	0	0	0	0	16109	0	0	0	0	1690471	391335	27819	71.70401217191433	10746050.0	9851342.0	91.67	894708.0	8.33	SRX3136378_val_2.fq.gz	Conventional base calls	Sanger / Illumina 1.9	10746050.0	0.0	20-76	53.0	36.706187986387185	74.80765062511341	pass	pass		pass	fail	pass	pass	warn	fail	warn	pass	10755383	885170	10755383	810163581	1519189	807379821	0.3436046824721439	0.0861	0.4684	0.4455		
SRX3136379	14860054	10017241	55011	1384078	0	0	0	0	24454	0	0	0	0	2818175	524383	36712	67.41052892539959	14860054.0	13475976.0	90.69	1384078.0	9.31	SRX3136379_val_2.fq.gz	Conventional base calls	Sanger / Illumina 1.9	14860054.0	0.0	20-76	53.0	39.818447444594455	74.6693028168	pass	pass		pass	fail	pass	pass	warn	fail	warn	pass	14877498	1202736	14877498	1120528302	2125167	1116701907	0.34148133457855306	0.0819	0.507	0.4111		
SRX3136380	11175546	7630024	136203	1051487	0	0	0	0	19579	0	0	0	0	1908794	403088	26371	68.27428386944136	11175546.0	10124059.0	90.59	1051487.0	9.41	SRX3136380_val_1.fq.gz	Conventional base calls	Sanger / Illumina 1.9	11175546.0	0.0	20-76	53.0	47.03465319515182	74.82291335027391	pass	pass		pass	fail	pass	pass	warn	fail	warn	pass	11186915	1396784	11186915	842072125	2399013	837826978	0.5041310445943095	0.0795	0.4986	0.42200000000000004		
SRX3136381	11006548	7417453	15430	1076997	0	0	0	0	21578	0	0	0	0	2045102	404267	25721	67.39127472119324	11006548.0	9929551.0	90.21	1076997.0	9.79	SRX3136381_val_1.fq.gz	Conventional base calls	Sanger / Illumina 1.9	11006548.0	0.0	20-76	53.0	47.37805788232118	74.78050574985	pass	pass		pass	fail	pass	pass	warn	fail	warn	pass	11018428	1401861	11018428	828998604	2693305	824413087	0.5531392909317855	0.0848	0.5022	0.413		
SRX3136382	10167060	6988694	48812	1011035	0	0	0	0	18488	0	0	0	0	1720675	359316	20040	68.73859306426834	10167060.0	9156025.0	90.06	1011035.0	9.94	SRX3136382_val_2.fq.gz	Conventional base calls	Sanger / Illumina 1.9	10167060.0	0.0	20-76	53.0	40.68292239413201	74.75237659657758	pass	pass		pass	fail	pass	pass	warn	fail	warn	pass	10176863	1236385	10176863	765952375	1959253	762366682	0.4681352414371716	0.0831	0.4999	0.41700000000000004		
SRX3798489	29038451	514678	25240232	2794832	0	0	0	0	12591	0	0	0	0	422070	50162	3886	1.772401702831876	29038451.0	26243619.0	90.38	2794832.0	9.62	SRX3798489_val_2.fq.gz	Conventional base calls	Sanger / Illumina 1.9	29038451.0	0.0	20-75	53.0	10.48966606771265	73.5002309868388	pass	pass		pass	fail	fail	pass	warn	fail	warn	pass	29212801	7167243	29212801	2190960075	6307096	2171770365	0.8758584977866382	0.2358	0.4825	0.2817		
SRX3798490	46382315	250527	39237884	6614757	0	0	0	0	32893	0	0	0	0	223533	20492	2229	0.5401347474786456	46382315.0	39767558.0	85.74	6614757.0	14.26	SRX3798490_val_1.fq.gz	Conventional base calls	Sanger / Illumina 1.9	46382315.0	0.0	20-75	53.0	8.477654405781324	73.65743693474549	pass	pass		pass	fail	warn	pass	warn	fail	warn	pass	46730640	15547788	46730640	3504798000	36715442	3441868222	1.7955322389478654	0.2174	0.4844	0.2982		
SRX3798491	7823475	5030147	91036	438411	0	0	0	0	124150	0	0	0	0	1609988	435037	94706	64.29555919843804	7823475.0	7385064.0	94.4	438411.0	5.6	SRX3798491_val_2.fq.gz	Conventional base calls	Sanger / Illumina 1.9	7823475.0	0.0	18-80	51.0	24.28788260089719	78.42300000958653	pass	pass		pass	fail	warn	pass	warn	fail	fail	pass	7855804	3054848	7855804	625539392	1261482	620349698	0.8296350423923423	0.1207	0.3633	0.516		
SRX3798492	18169926	13654817	86831	712278	0	0	0	0	56622	0	0	0	0	2709679	788547	161152	75.15064728386895	18169926.0	17457648.0	96.08	712278.0	3.92	SRX3798492_val_2.fq.gz	Conventional base calls	Sanger / Illumina 1.9	18169926.0	0.0	18-80	51.0	17.66815020218321	78.47622978761719	pass	pass		pass	fail	warn	pass	warn	fail	warn	pass	18211810	6026496	18211810	1448946970	6706780	1434434738	1.0015709546637168	0.0808	0.4573	0.462		
SRX3798493	31890155	432514	20289104	10997542	0	0	0	0	6139	0	0	0	0	140285	19644	4927	1.356261830649616	31890155.0	20892613.0	65.51	10997542.0	34.49	SRX3798493_val_2.fq.gz	Conventional base calls	Sanger / Illumina 1.9	31890155.0	0.0	20-75	54.0	11.284888968883418	73.35917313666239	pass	pass		pass	fail	fail	pass	warn	fail	warn	pass	32247858	10572813	32247858	2418589350	31624557	2366439684	2.1562017545475425	0.1517	0.4193	0.4289		
SRX3798494	26423598	36036	1854109	24514204	0	0	0	0	772	0	0	0	0	16143	1954	380	0.13637809657867184	26423598.0	1909394.0	7.23	24514204.0	92.77	SRX3798494_val_2.fq.gz	Conventional base calls	Sanger / Illumina 1.9	26423598.0	0.0	20-75	53.0	11.37868443376539	73.48366857533938	pass	pass		pass	fail	warn	pass	warn	fail	warn	pass	26655808	8355377	26655808	1999185600	19948773	1963082775	1.8058766029527225	0.1353	0.4523	0.4125		
SRX3798495	35487842	331776	13667843	20640687	0	0	0	0	4889	0	0	0	0	161430	678368	2849	0.9349004653481044	35487842.0	14847155.0	41.84	20640687.0	58.16	SRX3798495_val_1.fq.gz	Conventional base calls	Sanger / Illumina 1.9	35487842.0	0.0	20-75	53.0	8.927566904585992	72.26688847408641	pass	pass		pass	fail	warn	pass	warn	fail	fail	pass	35985851	11852864	35985851	2698938825	13147085	2659920302	1.4456986812214982	0.3028	0.1832	0.514		
SRX3798496	30700762	71749	12610613	17813732	0	0	0	0	4571	0	0	0	0	194353	5207	537	0.23370429698129316	30700762.0	12887030.0	41.98	17813732.0	58.02	SRX3798496_val_2.fq.gz	Conventional base calls	Sanger / Illumina 1.9	30700762.0	0.0	20-75	53.0	10.865113796154766	73.48874226639717	pass	pass		pass	fail	pass	pass	warn	fail	warn	pass	30836535	10293309	30836535	2312740125	10221345	2279380719	1.442419130424349	0.1505	0.4003	0.4493		
SRX3798497	26260802	3386643	2147361	19798841	0	0	0	0	15195	0	0	0	0	529775	364407	18580	12.89619029913862	26260802.0	6461961.0	24.61	19798841.0	75.39	SRX3798497_val_1.fq.gz	Conventional base calls	Sanger / Illumina 1.9	26260802.0	0.0	20-75	53.0	12.494570996352888	73.50271640599553	pass	pass		pass	fail	fail	pass	warn	fail	warn	pass	26749855	7470443	26749855	2006239125	8164045	1971834520	1.7148805728728873	0.2382	0.4624	0.2993		
SRX3798498	23273010	154125	1541171	21451350	0	0	0	0	2933	0	0	0	0	111129	11391	911	0.6622478140988209	23273010.0	1821660.0	7.83	21451350.0	92.17	SRX3798498_val_2.fq.gz	Conventional base calls	Sanger / Illumina 1.9	23273010.0	0.0	20-75	53.0	13.8731170725934	73.0985789977317	pass	pass		pass	fail	fail	pass	warn	fail	warn	pass	23795191	7660269	23795191	1784639325	40688071	1725799213	3.2970310121346227	0.1966	0.5119	0.2915		
SRX3798499	31921962	10268477	484761	11705335	0	0	0	0	9374	0	0	0	0	8701447	690624	61944	32.167436951400425	31921962.0	20216627.0	63.33	11705335.0	36.67	SRX3798499_val_2.fq.gz	Conventional base calls	Sanger / Illumina 1.9	31921962.0	0.0	20-75	53.0	17.054645776942188	73.54588875207608	pass	pass		pass	fail	warn	pass	warn	fail	warn	pass	32185620	9702144	32185620	2413921500	4130931	2395079518	0.7805548771987821	0.1194	0.4034	0.4772		
SRX3798500	28828768	10813797	228262	5475301	0	0	0	0	8249	0	0	0	0	11483872	716360	102927	37.51043749077311	28828768.0	23353467.0	81.01	5475301.0	18.99	SRX3798500_val_1.fq.gz	Conventional base calls	Sanger / Illumina 1.9	28828768.0	0.0	20-75	53.0	15.961700905871368	73.73652866470049	pass	pass		pass	fail	fail	pass	warn	fail	fail	pass	28860033	9579170	28860033	2164502475	6388787	2143749053	0.9588079588589984	0.1169	0.4109	0.4722		
SRX3798501	27107856	18524610	301949	986862	0	0	0	0	9033	0	0	0	0	6084762	1108267	92373	68.33668439141775	27107856.0	26120994.0	96.36	986862.0	3.64	SRX3798501_val_2.fq.gz	Conventional base calls	Sanger / Illumina 1.9	27107856.0	0.0	20-75	52.0	20.255457596292935	73.54052198004888	pass	pass		pass	fail	warn	pass	warn	fail	warn	pass	27283529	8472590	27283529	2046264675	19369490	2014067741	1.573449143376333	0.1265	0.41600000000000004	0.4575		
SRX3798502	28646422	15227388	231977	4827414	0	0	0	0	8649	0	0	0	0	7350772	906495	93727	53.15633484698368	28646422.0	23819008.0	83.15	4827414.0	16.85	SRX3798502_val_2.fq.gz	Conventional base calls	Sanger / Illumina 1.9	28646422.0	0.0	20-75	53.0	19.046727928502463	73.46911163984109	pass	pass		pass	fail	warn	pass	warn	fail	warn	pass	28970792	8734159	28970792	2172809400	32279950	2127513705	2.08466030200348	0.0901	0.4858	0.4242		
SRX3798503	27357428	3650947	381476	14087641	0	0	0	0	6520	0	0	0	0	8919193	291698	19953	13.345359073959733	27357428.0	13269787.0	48.51	14087641.0	51.49	SRX3798503_val_1.fq.gz	Conventional base calls	Sanger / Illumina 1.9	27357428.0	0.0	20-75	54.0	14.854981351025062	73.69138743598266	pass	pass		pass	fail	warn	pass	warn	fail	fail	pass	27418787	7471784	27418787	2056409025	9398487	2035191473	1.0317768372952945	0.1349	0.4407	0.4244		
SRX3798504	29434258	5999696	497147	12616229	0	0	0	0	7641	0	0	0	0	9794357	483919	35269	20.383377763421112	29434258.0	16818029.0	57.14	12616229.0	42.86	SRX3798504_val_2.fq.gz	Conventional base calls	Sanger / Illumina 1.9	29434258.0	0.0	20-75	54.0	18.019302213797378	73.62844023450499	pass	pass		pass	fail	warn	pass	warn	fail	warn	pass	29591546	8459623	29591546	2219365950	16596029	2189820361	1.3312626067819056	0.1428	0.4261	0.431		
SRX3798505	26232507	3905881	1850692	19569539	0	0	0	0	11211	0	0	0	0	495342	377525	22317	14.889469008814142	26232507.0	6662968.0	25.4	19569539.0	74.6	SRX3798505_val_1.fq.gz	Conventional base calls	Sanger / Illumina 1.9	26232507.0	0.0	20-75	53.0	14.040774829419401	73.69599055096029	pass	pass		pass	fail	warn	pass	warn	fail	warn	pass	26419746	7089439	26419746	1981480950	3763806	1962908584	0.9372972271068264	0.2415	0.4664	0.2921		
SRX3798506	23168476	2776868	311364	11777882	0	0	0	0	7537	0	0	0	0	8062550	216367	15908	11.985544495891745	23168476.0	11390594.0	49.16	11777882.0	50.84	SRX3798506_val_2.fq.gz	Conventional base calls	Sanger / Illumina 1.9	23168476.0	0.0	20-75	54.0	18.614612823914715	73.41542818785318	pass	pass		pass	fail	fail	pass	warn	fail	warn	pass	23776258	6428598	23776258	1783219350	51232989	1722217267	3.4208962010198016	0.1446	0.3975	0.4579		
SRX3798507	26037051	8420570	329845	6653868	0	0	0	0	8812	0	0	0	0	9962299	575288	86369	32.34072092112121	26037051.0	19383183.0	74.44	6653868.0	25.56	SRX3798507_val_2.fq.gz	Conventional base calls	Sanger / Illumina 1.9	26037051.0	0.0	20-75	53.0	18.28791534023032	73.62450125400146	pass	pass		pass	fail	warn	pass	warn	fail	fail	pass	26125813	8494325	26125813	1959435975	10513914	1936032339	1.1944067731021424	0.1115	0.4199	0.4686		
SRX3798508	29202155	9806294	261599	8078398	0	0	0	0	6164	0	0	0	0	10309073	634621	106006	33.58072032697587	29202155.0	21123757.0	72.34	8078398.0	27.66	SRX3798508_val_2.fq.gz	Conventional base calls	Sanger / Illumina 1.9	29202155.0	0.0	20-75	53.0	18.927553708628427	73.66042184215516	pass	pass		pass	fail	warn	pass	warn	fail	fail	pass	29237880	9211828	29237880	2192841000	7234258	2172106594	0.9455499053510948	0.1129	0.4185	0.4686		
SRX3798509	17634147	13210230	48341	648174	0	0	0	0	126589	0	0	0	0	2444450	876095	280268	74.91278143479241	17634147.0	16985973.0	96.32	648174.0	3.68	SRX3798509_val_2.fq.gz	Conventional base calls	Sanger / Illumina 1.9	17634147.0	0.0	18-80	52.0	17.929637514897692	78.48061842741812	pass	pass		pass	fail	warn	pass	warn	fail	fail	pass	17661855	5972871	17661855	1405640045	5644157	1392240227	0.9532894319327676	0.0931	0.4635	0.4434		
SRX3798510	11159637	8414391	7110	369567	0	0	0	0	85707	0	0	0	0	1486912	638239	157711	75.40022135128591	11159637.0	10790070.0	96.69	369567.0	3.31	SRX3798510_val_1.fq.gz	Conventional base calls	Sanger / Illumina 1.9	11159637.0	0.0	18-80	53.0	21.742133902041946	78.5084600870082	pass	pass		pass	fail	pass	pass	warn	fail	fail	pass	11186859	4475770	11186859	890498805	1384054	883356644	0.8020404923508011	0.0979	0.5439	0.3582		
SRX3798511	20655341	267684	11194455	8852742	0	0	0	0	8323	0	0	0	0	312630	16602	2905	1.2959553657332503	20655341.0	11802599.0	57.14	8852742.0	42.86	SRX3798511_val_1.fq.gz	Conventional base calls	Sanger / Illumina 1.9	20655341.0	0.0	18-80	54.0	13.020124430413036	78.4355877736417	pass	pass		pass	fail	warn	pass	warn	fail	warn	pass	20737128	8211716	20737128	1648500602	13897622	1624663235	1.446002929636783	0.1962	0.4673	0.3365		
SRX3798512	20558060	122358	18401591	1965989	0	0	0	0	42417	0	0	0	0	18072	5551	2082	0.5951826193716723	20558060.0	18592071.0	90.44	1965989.0	9.56	SRX3798512_val_2.fq.gz	Conventional base calls	Sanger / Illumina 1.9	20558060.0	0.0	18-80	53.0	7.1439916696567725	78.34780927772367	pass	pass		pass	fail	warn	pass	warn	fail	warn	pass	20614860	7823501	20614860	1639517038	9611901	1620539718	1.1574945279708644	0.2397	0.4437	0.3167		
SRX3798513	23452423	117531	13745078	9352269	0	0	0	0	24844	0	0	0	0	204623	6401	1677	0.5011465126652372	23452423.0	14100154.0	60.12	9352269.0	39.88	SRX3798513_val_2.fq.gz	Conventional base calls	Sanger / Illumina 1.9	23452423.0	0.0	18-80	53.0	8.881665139311787	78.28621997820866	pass	pass		pass	fail	fail	pass	warn	fail	warn	pass	23526794	8846106	23526794	1870221219	12150738	1847346137	1.223121723120606	0.163	0.4316	0.4054		
SRX3798514	22917011	81529	21549643	1165395	0	0	0	0	106363	0	0	0	0	7577	4597	1907	0.3557575636718069	22917011.0	21751616.0	94.91	1165395.0	5.09	SRX3798514_val_2.fq.gz	Conventional base calls	Sanger / Illumina 1.9	22917011.0	0.0	18-80	54.0	5.764452060975709	78.2818391106938	pass	pass		pass	fail	fail	pass	warn	fail	warn	pass	23002553	9498363	23002553	1833404770	3942984	1817786236	0.8518868422056085	0.2987	0.3606	0.3407		
SRX3798515	21103150	31480	20032692	969018	0	0	0	0	63893	0	0	0	0	3880	1619	568	0.1491720430362292	21103150.0	20134132.0	95.41	969018.0	4.59	SRX3798515_val_1.fq.gz	Conventional base calls	Sanger / Illumina 1.9	21103150.0	0.0	18-80	53.0	3.8545709991615027	78.60662119162305	pass	pass		pass	fail	warn	pass	warn	fail	fail	pass	21157887	8775229	21157887	1686303543	3050447	1672418669	0.8233911419825558	0.2413	0.4	0.3587		
SRX3798516	17252607	18589	16387466	723286	0	0	0	0	44535	0	0	0	0	77173	1261	297	0.1077460351354436	17252607.0	16529321.0	95.81	723286.0	4.19	SRX3798516_val_1.fq.gz	Conventional base calls	Sanger / Illumina 1.9	17252607.0	0.0	18-80	54.0	4.094762170480228	78.5959312699814	pass	pass		pass	fail	warn	pass	warn	fail	fail	pass	17289535	7077300	17289535	1377778820	2493376	1366655029	0.8073713166820201	0.1952	0.4623	0.3425		
SRX3798517	24192753	17934660	50589	995171	0	0	0	0	303641	0	0	0	0	3440001	1159455	309236	74.13236517563752	24192753.0	23197582.0	95.89	995171.0	4.11	SRX3798517_val_1.fq.gz	Conventional base calls	Sanger / Illumina 1.9	24192753.0	0.0	18-80	53.0	18.262999020675377	78.47345128518445	pass	pass		pass	fail	warn	pass	warn	fail	fail	pass	24268466	8211806	24268466	1930179809	11187062	1908424791	1.1270979987750975	0.0906	0.4204	0.489		
SRX3798518	22397854	16438933	80475	762666	0	0	0	0	303684	0	0	0	0	3387393	1066406	358297	73.39512526512586	22397854.0	21635188.0	96.59	762666.0	3.41	SRX3798518_val_2.fq.gz	Conventional base calls	Sanger / Illumina 1.9	22397854.0	0.0	18-80	52.0	15.101367068432618	78.51585665305255	pass	pass		pass	fail	warn	pass	warn	fail	fail	pass	22426535	9014567	22426535	1785745028	2816425	1771470987	0.7993325349468647	0.0843	0.47100000000000003	0.4447		
SRX4341761	12249866	3344170	153747	5108872	0	0	0	0	2553	0	0	0	0	3464060	163510	12954	27.299645563469838	12249866.0	7140994.0	58.29	5108872.0	41.71	SRX4341761_val_1.fq.gz	Conventional base calls	Sanger / Illumina 1.9	12249866.0	0.0	20-101	53.0	12.625718930573747	99.1945342095987	pass	pass		pass	warn	warn	pass	warn	fail	fail	pass	12261024	4209648	12261024	1238363424	5291097	1225218011	1.0615149596020368	0.0748	0.3068	0.6184		
SRX4341762	11306054	3696771	314240	3881361	0	0	0	0	1464	0	0	0	0	3218936	182589	10693	32.69726997589079	11306054.0	7424693.0	65.67	3881361.0	34.33	SRX4341762_val_2.fq.gz	Conventional base calls	Sanger / Illumina 1.9	11306054.0	0.0	20-101	53.0	17.169575468535946	99.29820324580088	pass	pass		pass	warn	warn	pass	warn	fail	fail	pass	11319907	3748317	11319907	1143310607	4654938	1130996791	1.077031554208261	0.0802	0.299	0.6208		
SRX4341763	10562789	3267232	187482	3847966	0	0	0	0	7452	0	0	0	0	3073991	166162	12504	30.931527648616285	10562789.0	6714823.0	63.57	3847966.0	36.43	SRX4341763_val_1.fq.gz	Conventional base calls	Sanger / Illumina 1.9	10562789.0	0.0	20-101	53.0	13.584225296050269	98.96770540432077	pass	pass		pass	warn	warn	pass	warn	fail	fail	pass	10583890	3764370	10583890	1068972890	6121704	1055152879	1.292830821930386	0.0775	0.2877	0.6348		
SRX4341764	20956703	4472535	8145937	4001710	0	0	0	0	9583	0	0	0	0	4095099	215986	15853	21.34178739852352	20956703.0	16954993.0	80.9	4001710.0	19.1	SRX4341764_val_1.fq.gz	Conventional base calls	Sanger / Illumina 1.9	20956703.0	0.0	20-101	53.0	7.90473287306629	99.05214565478168	pass	pass		pass	warn	warn	pass	warn	fail	fail	pass	20991555	7034261	20991555	2120147055	11158508	2094787621	1.196116747665883	0.0882	0.3451	0.5668		
SRX4341765	7689821	3064887	67278	1859038	0	0	0	0	1406	0	0	0	0	2544604	142716	9892	39.856415383400986	7689821.0	5830783.0	75.82	1859038.0	24.18	SRX4341765_val_2.fq.gz	Conventional base calls	Sanger / Illumina 1.9	7689821.0	0.0	20-101	52.0	19.202410964615158	98.82298664689336	pass	pass		pass	warn	warn	pass	warn	fail	fail	pass	7709772	2872856	7709772	778686972	7191331	765425014	1.7031180020820995	0.092	0.3594	0.5485		
SRX4341766	18710801	7260198	781662	4217927	0	0	0	0	4444	0	0	0	0	6105596	316129	24845	38.80217634723388	18710801.0	14492874.0	77.46	4217927.0	22.54	SRX4341766_val_2.fq.gz	Conventional base calls	Sanger / Illumina 1.9	18710801.0	0.0	20-101	52.0	13.282057015789722	98.5648647537858	pass	pass		pass	warn	warn	pass	warn	fail	fail	pass	18750433	7285455	18750433	1893793733	19631463	1857435053	1.9198859604632559	0.0892	0.3668	0.544		
SRX4341767	17218970	6821177	258309	3790473	0	0	0	0	3225	0	0	0	0	6008344	315529	21913	39.61431490966068	17218970.0	13428497.0	77.99	3790473.0	22.01	SRX4341767_val_1.fq.gz	Conventional base calls	Sanger / Illumina 1.9	17218970.0	0.0	20-101	53.0	11.437022673432407	98.78680757327528	pass	pass		pass	warn	warn	pass	warn	fail	fail	pass	17257606	6347345	17257606	1743018206	12613094	1717324854	1.4740724974389623	0.0934	0.3091	0.5975		
SRX4341768	9160244	1197509	5404386	1445296	0	0	0	0	7836	0	0	0	0	1049281	51655	4281	13.072894128147675	9160244.0	7714948.0	84.22	1445296.0	15.78	SRX4341768_val_1.fq.gz	Conventional base calls	Sanger / Illumina 1.9	9160244.0	0.0	20-101	53.0	8.811022169852553	99.18591622668566	pass	pass		pass	fail	fail	pass	warn	fail	fail	pass	9177257	3279837	9177257	926902957	6879143	913762797	1.4176413939307348	0.0943	0.3068	0.5989		
SRX4341769	19061954	3013184	8178233	4742713	0	0	0	0	12654	0	0	0	0	2969897	133277	11996	15.807319648342451	19061954.0	14319241.0	75.12	4742713.0	24.88	SRX4341769_val_1.fq.gz	Conventional base calls	Sanger / Illumina 1.9	19061954.0	0.0	20-101	53.0	8.039489332589737	98.98768961461138	pass	pass		pass	warn	fail	pass	warn	fail	fail	pass	19092940	6827505	19092940	1928386940	17000141	1898543661	1.5475773238746369	0.0927	0.3147	0.5926		
SRX8914620	40491314	34317491	275434	1249526	0	0	0	0	0	0	0	0	0	3238209	1360792	49862	84.75272252216858	40491314.0	39241788.0	96.91	1249526.0	3.09	SRX8914620_trimmed.fq.gz	Conventional base calls	Sanger / Illumina 1.9	40491314.0	0.0	20-150	53.0	17.17876504480465	144.56890529657792	pass	pass		pass	fail	warn	pass	warn	fail	warn	pass	40617370	16969029	40617370	6092605500	14961041	5870941789	3.63824165211419			0.3359	0.249	0.4151
SRX8914621	34346587	29117650	106712	1084782	0	0	0	0	0	0	0	0	0	2800982	1194496	41965	84.77596332934041	34346587.0	33261805.0	96.84	1084782.0	3.16	SRX8914621_trimmed.fq.gz	Conventional base calls	Sanger / Illumina 1.9	34346587.0	0.0	20-150	53.0	18.236057031453004	145.488469698605	pass	pass		pass	fail	warn	pass	warn	fail	warn	pass	34472096	13588201	34472096	5170814400	13968283	5012239871	3.0667225070000583			0.3177	0.3125	0.3697
SRX8914622	41340619	34834916	311226	1226800	0	0	0	0	0	0	0	0	0	3354877	1560540	52260	84.26316983787784	41340619.0	40113819.0	97.03	1226800.0	2.97	SRX8914622_trimmed.fq.gz	Conventional base calls	Sanger / Illumina 1.9	41340619.0	0.0	20-150	53.0	16.909183196512846	145.35025111743005	pass	pass		pass	fail	warn	pass	warn	fail	warn	pass	41453304	16630150	41453304	6217995600	15654092	6027070146	3.0705305420286884			0.3396	0.2379	0.4225
SRX8914623	27795335	19533683	48742	4080059	0	0	0	0	0	0	0	0	0	3133628	970871	28352	70.27683962074931	27795335.0	23715276.0	85.32	4080059.0	14.68	SRX8914623_trimmed.fq.gz	Conventional base calls	Sanger / Illumina 1.9	27795335.0	0.0	20-150	53.0	20.428898522643486	144.46162566488226	pass	pass		pass	fail	fail	pass	warn	fail	fail	pass	28412476	10529894	28412476	4261871400	118384961	4033284793	5.363526618846358			0.358	0.3073	0.3347
SRX8914624	40929155	35352628	266762	990155	0	0	0	0	0	0	0	0	0	2861439	1409852	48319	86.37517192817688	40929155.0	39939000.0	97.58	990155.0	2.42	SRX8914624_trimmed.fq.gz	Conventional base calls	Sanger / Illumina 1.9	40929155.0	0.0	20-150	53.0	17.28072733025574	145.47249042888862	pass	pass		pass	fail	pass	pass	warn	fail	warn	pass	41019828	16249034	41019828	6152974200	8401191	5971743372	2.945418298682286			0.3341	0.2281	0.4377
SRX8914625	28775160	20531719	176241	4071598	0	0	0	0	0	0	0	0	0	3000941	965459	29202	71.3522322725573	28775160.0	24703562.0	85.85	4071598.0	14.15	SRX8914625_trimmed.fq.gz	Conventional base calls	Sanger / Illumina 1.9	28775160.0	0.0	20-150	53.0	20.454649559416424	143.726338897855	pass	pass		pass	fail	fail	pass	warn	fail	fail	pass	29329316	11805089	29329316	4399397400	108065745	4153478242	5.589837326357468			0.3908	0.2933	0.3159
