,SRX3136375,SRX3136376,SRX3136377,SRX3136378,SRX3136379,SRX3136380,SRX3136381,SRX3136382,SRX8914620,SRX8914621,SRX8914622,SRX8914623,SRX8914625,ERX3503512,ERX3503513,ERX3503514,ERX3503515,ERX3503516,ERX3503517,ERX3503518,ERX3503519,ERX3503520,SRX2195704,SRX2195705,SRX2195706,SRX2195707,SRX2195708,SRX2195709,SRX2195710,SRX2195711,ERX3467881,ERX3467883,SRX3798491,SRX3798492,SRX3798499,SRX3798500,SRX3798501,SRX3798502,SRX3798503,SRX3798504,SRX3798506,SRX3798507,SRX3798508,SRX3798509,SRX3798510,SRX3798517,SRX3798518,SRX4341761,SRX4341762,SRX4341763,SRX4341764,SRX4341765,SRX4341766,SRX4341767,SRX4341768,SRX4341769,SRX1258665,SRX1258666,SRX1258667,SRX1258669,SRX1258670
0,-0.039535361984548406,0.3744040192011606,-2.548563899670342,2.2136952424537433,-0.735702753687657,-0.9253186827913688,-1.419328778006507,-0.6648173015294989,0.2682169461699957,-1.210746137922637,0.942529191752653,-51.85102444615843,-56.483576414138106,0.3628439313587782,-0.3564604951119027,-0.006383436246868584,-4.6357460110303075,-4.830180292160035,-5.7658848746467175,-0.9879110084113853,-2.5063668028642017,-2.454393562992577,0.46698037481133975,-0.4669803748113428,-4.480323606879083,-4.51666206083838,-8.36491787746652,-7.928433564407199,-5.972468512801924,-6.430701104743356,1.2626310616770824,-1.2626310616770802,8.694942815669458,6.6280858045690465,5.767716871221527,-7.0845935829874715,6.287779719932985,7.115197019486918,-4.209028557777409,-5.8106613656705255,-6.7259526965976955,-6.85586455486334,-6.661487867988171,0.3615592590346672,-1.6160316227056126,8.028337265196763,1.254472363670943,4.177155347311379,3.4439062559766285,3.8713766196978256,2.5310495655420233,1.5720701261098957,1.645683708075465,0.11724417251620739,-0.21115201538646478,0.09390784287024982,-7.950332126370037,-6.4921057701046285,-6.019651910925225,-1.0548219177276357,1.0548219177276317
1,-1.0630794007712097,-0.1190473173165496,0.015513004701159403,1.1666137133865886,-1.1450239931281372,0.3019075817158653,-1.4233653703626106,0.4145337397258501,0.44963217669959543,-0.11143406689434057,-0.33819810980523957,12.90077252326503,10.244118264688398,-0.15032851412756496,-0.06363283093260344,0.21396134506017328,13.700948906233634,2.08012563962801,3.908151287329383,1.62783025655548,1.845476482183983,1.253573917951772,-0.45913371933524877,0.45913371933525043,-1.6642263409963385,-2.5529557555877225,-3.970069758618462,-4.664716383625295,-2.772350594095874,-2.49929611007642,0.20419569778491123,-0.20419569778491528,10.575555611974123,8.436300295487861,1.0867158416016158,-45.92632620895364,6.8868768519672665,13.739193224288902,-38.358330737076415,-38.25228160295581,-37.42863802676725,-46.715575606346995,-46.457598391815935,0.0904075235441695,-0.7029313573013195,9.06847747326535,0.6125238337571455,1.1060646845426534,1.817014306611399,0.5040081209868595,-0.04059915538828098,-0.17737413201594732,1.4814547256341493,-0.14372610371643268,-0.3865256134792036,0.5302517171956495,7.890276559779799,10.28410399847508,12.394767878380875,-0.4781016664209129,0.4781016664209142
2,-1.9648036460170488,3.772851197388438,-1.0984761023502094,-0.7095714490211662,1.8219436815873362,1.8700227405221863,-6.355148076253115,-6.536658761224256,-1.3692134450668985,0.5318657917849581,0.8373476532819448,3.078336844616146,-10.148939835981517,-1.0588455636910152,5.816629880418523,-4.757784316727482,-5.6357108517967935,-2.3837447436538137,-5.862404512795754,6.21006489557456,3.733448940979392,3.6067952049388503,0.7791197512525219,-0.7791197512525149,-0.6141393477856182,-1.2802651363867925,0.7414685140275118,1.6469516691021033,-0.204943476771387,0.6678845089883555,-0.7063628470946103,0.7063628470946136,2.1472220589723854,-4.505257207935633,-0.14927258291281523,1.2082453000761242,0.07611244227332507,-0.28473567099020797,-2.0472639876284413,-2.442190379465387,-8.008636091052736,3.6914636831540575,-3.78989209016803,-1.8374448247215438,3.292417608597649,-1.5028382603597492,-1.4549727838761095,-1.1084286465245068,-1.8732505455564883,-0.4543840503794798,8.508698575796135,9.72768263097228,6.632970741149964,4.846445312623006,-4.948250281192918,0.10180496856990864,3.5031173378158877,4.864989538093057,1.5182300635845671,-0.73302052187199,0.7330205218719876
3,2.9021125872634967,-0.5692805429859503,-2.1624695666430944,-0.17036247763445392,-1.857561796034222,-2.3647787427656843,3.8848610960923127,-1.5002916567774378,-0.3767230528195534,-1.0701014790560825,1.4468245318756368,-1.6647549042472476,-1.0734900031332089,2.7680937308818425,0.9748677885359289,-3.7429615194177734,-3.2964409805281867,-0.9052106830148782,-4.760860561912757,3.371877542746105,-1.197829043075236,-9.9926874661062,0.078888646457421,-0.07888864645742895,2.401815743081155,2.329857471714877,5.015540745507346,5.941248419028651,2.8730440116381946,5.697950178584932,0.6723410005729565,-0.6723410005729521,5.228642035768462,1.0314003388792499,0.5663814447256903,1.6114042040524308,1.3432888101621845,1.8042391152790878,2.7733206261208845,2.743229307986124,-2.4377291249048936,0.08213287380165057,-0.31185093421180643,-0.010330790095312441,0.5904233785615941,-1.2504200976221536,-0.5800925884662795,0.8130665378040028,3.9348133616460914,0.23933737970578192,2.378711636047154,2.2396711752822904,2.3225546196551083,0.5789924470483951,-1.116751638344159,0.537759191295761,-5.256061004355543,-5.591916764113327,-6.272465874694754,1.4394691021266888,-1.4394691021266874
4,-0.6130664909682626,-0.8742422636878899,0.7675993448052185,0.7197094098509345,0.824133016453347,3.2543543098039045,0.4896265948090186,0.23059018910176232,-0.16189462693149792,-0.10634553295689736,0.2682401598883828,-1.551533848019855,-0.08296016160211667,-0.40049949009620484,0.521964700792153,-0.12146521069594546,-2.075925693260968,-1.7991126551145744,-2.041214797181407,-0.9715904226787486,-1.334404444812153,-0.7463293548583658,-5.13915606110309,5.139156061103086,-0.8897765555421402,3.113233511997337,3.961559924497584,4.855027773605731,-11.58579718574779,14.269344530314331,-0.21592999816546932,0.21592999816546754,2.0014905689861435,0.5659094069764211,4.729483338006199,2.0433498982491045,4.022527517088771,3.1058091403459667,3.1103864703897846,2.4738028611744505,0.3989623355648031,2.2629675735490715,1.760647402853206,-0.3279098646786111,0.8800527951157331,1.41964652611849,-0.5521429304371214,-0.19119206334348157,0.5906204264970198,1.8051874112812756,0.9786128661104905,1.2498473328044557,-0.3202008141798111,0.20620817004210154,0.5119863026290276,-0.7181944726711305,4.351724369542474,4.3880496055414175,2.424800134404303,-0.8360988042625853,0.8360988042625864
5,-0.6086668977911248,-0.5136741573072886,-0.9472252698795856,2.0695663249779943,1.3364873739645364,0.517508004874442,1.850907341331411,0.7668570967653124,0.9419436644537541,0.9405051721187538,-1.882448836572508,0.5932655342074807,2.7346674348887787,1.5124412877007836,-1.591061628066772,0.07862034036598536,3.353308521761598,0.9563013167355168,1.3022260045808418,-1.14771920464717,0.8953224729542546,2.1430077804633876,-0.8101508410703562,0.8101508410703553,1.256572790364065,2.1536714949573916,0.6110438284863864,1.5729289474559536,2.692804789836223,2.4162238469308037,-0.49788990750209644,0.4978899075020982,-4.1213217979801415,-0.992197477568064,-8.519194807990043,-4.243843166421829,-5.499518576536154,-6.164479497929428,-8.983474270819023,-9.215708441248486,-4.035276812172615,-7.743971012134178,-5.182179789978046,0.7298335358801009,-1.8274359822655628,0.31508758005503273,1.09760244638546,-2.617166453952791,-2.910864057964774,-12.973951977555659,-17.058718769860995,-7.520617950793923,2.2110677703291817,-3.2901677107594374,0.044689623030867855,3.245478087728579,-7.941906044971352,-8.006459783069467,-6.007389894265462,3.9218518757289877,-3.9218518757289837
6,-0.1836801589904773,-1.2932421876916032,0.6988610394975657,0.7780613071845169,-0.046638275534443226,0.1013057918364576,-0.7163982196124636,-0.7181142641196772,0.06536364724559411,0.19339995773200505,-0.2587636049775958,0.6771144531634551,0.39310671517936524,0.9834495801597204,-0.8320667815248419,-0.15138279863488044,-1.5881576374958544,-2.4660423997959056,-0.44370620592944104,0.17455483740791622,-1.5393170866750854,-1.0426540192291087,4.453755079818555,-4.4537550798185555,-3.5281359437491524,-0.4722762244434012,8.736717561338653,-13.719534027824913,-1.5268307188032388,-0.44530671819578066,-0.8257211128430616,0.8257211128430609,-2.248473010837904,-1.3427300099699135,-1.8586056869765752,1.1482680518689645,-0.8741142244012029,-2.5049155806265238,1.0275848792950226,2.069930181096753,0.3478480725947681,1.878499970179159,0.9343246587519982,-0.032039714247112806,-0.24246167805035468,-2.0486717885844086,0.2745013922974675,1.3506413980993204,0.5851864746400021,-1.0864751059301785,-0.11202854478632492,1.4279917830747184,-0.10994678357516036,-0.05896329086476002,0.05463318821912004,0.004330102645641018,-5.030718467399796,-5.357172205549968,-3.576154220213748,1.720763689413956,-1.720763689413956
7,-0.25163341386392035,2.081484843993422,-3.9752108866449585,2.1453594565154717,-2.6629872129319185,-2.9401080149243684,-2.466673744390254,-2.7055988009409724,0.13278866812860196,-0.3699540536114402,0.23716538548284422,1.0841571820458789,1.4414770370129484,-1.3244504377390283,1.375241853422996,-0.05079141568396239,-3.0039246141301295,-4.400288115350335,-4.885119784744007,-4.072650122407115,-4.269450230755472,-4.572418642792841,-0.22931090241985252,0.2293109024198514,-4.217850423066536,-4.447029671838626,-11.201650785983748,-10.72481906071905,-3.268204050990492,-6.24349264182877,2.373803674008838,-2.373803674008844,-12.340075359358197,-8.839479090562032,22.678395945164063,-10.488592714945398,9.3079300431921,-6.595386036164848,-19.489295730772046,-23.795429708952238,-20.0919117569709,-10.627555585123236,-9.531432574212795,1.1519200195865706,-2.3683840137689125,-10.283971875779114,1.2164639941823407,3.1807564456984796,2.5729572064988275,2.823922269281586,-0.9051009543741428,-0.7243699138764674,0.2995450015354172,-0.16486222503678513,0.35173642038513026,-0.18687419534834318,-9.355535229592881,-9.636979200580335,-9.51403392371286,1.3670728642980041,-1.3670728642980063
8,-0.0070198375066143496,-1.5081713544001587,0.4907484921167052,1.0244426997900542,-0.26599971839439795,1.0973612258163163,-0.1703625919361111,0.0221135994758786,0.003801562668966412,0.2058909805468244,-0.209692543215797,0.5523460572461247,0.9230763497363433,0.7617260127359848,-0.3164298688328529,-0.4452961439031219,1.106169252639054,1.5133429188737788,0.9442995831197629,0.9148216271691939,-0.22070741360912371,0.40258062212244394,-18.57069028354848,18.57069028354848,13.833051008791877,13.14515462637263,13.549751459158927,8.635544857804886,11.7877693398775,6.083292331799863,0.24584935111009107,-0.2458493511100863,3.125289642251287,1.2832200390009958,4.35489661774949,4.027055258689884,3.7057721192398274,3.644699158008616,3.9173151068537084,5.655574674587724,4.5348464650245734,4.14370295375811,3.9052021217731823,-0.47797772738782124,1.3486501172876169,1.491745953414163,-0.8706723898997919,1.4722799291616073,1.3269059967155068,1.0809947055816513,3.103867928627459,3.1323670075658816,2.6082535755390728,0.007847953968818032,-0.4769917158123601,0.4691437618435409,8.888307189175588,9.965339657726393,8.847854561095108,-1.530379472483705,1.5303794724837079
9,-1.3212675406803793,0.1454523417672003,-1.2150300954001638,2.3908452943133454,-1.7139407647945066,-0.6138684493832361,-1.7705171207236372,-1.5863446299523645,0.129082397138455,0.06383368286335346,-0.19291608000180535,-0.30426056380959954,2.6553935794156245,1.3584949335505925,-0.3290239911260434,-1.0294709424245616,-0.8783057332124831,-3.3221217357391915,-3.0846802611902477,-2.0920655800304804,-3.376757868578533,-4.023933998888417,-0.9330128207784848,0.9330128207784792,2.1501030951656976,2.1173819801729223,6.926469074320843,7.457946024007531,5.288098084263774,5.75514437395808,-1.3797237666964026,1.3797237666964048,-5.591692075634755,-1.6084917960980827,2.7080121273197593,-2.9588938126847935,0.6995478020438641,2.9792092679356195,-16.681687125118252,-2.5069586751338777,21.794216795064827,-3.1072514045707904,-2.9941085519005153,1.127507219833031,-1.7913015459457446,-1.355946568622703,0.6637943261127148,-0.5222012398865522,-0.800237829022489,-0.7548414154110274,-2.3437345179011384,-3.306256125130629,-1.611393590014865,-0.20734430196799886,0.21903225277940255,-0.011687950811400701,-8.578646368744621,-9.540871799706489,-7.416916729790801,-0.24765966566318456,0.24765966566318529
10,-0.08308551970355145,-0.5691590479113915,1.136737604507457,-0.484493036892506,0.9002528281504957,0.515476860077633,0.4336330682368852,0.4553546397963721,0.2344806972564425,-0.3170158302260774,0.08253513296962915,-1.3266318482393664,-1.7778095432924184,0.20426819652038775,-0.32355362829985496,0.11928543177948672,0.3219243928880703,1.5467056389856901,1.6193443302596855,-2.7349446673271474,-3.2418132901059113,-1.9579010229365768,-0.47794618458979365,0.47794618458979277,1.4329794516720349,3.1848985977704904,8.848233087134098,10.130422393411804,-31.154088829299436,-26.464962030839605,-1.0898639026251418,1.0898639026251444,4.739554920892768,6.383998771186566,5.994413562109747,-4.5798123385317,5.678801083120585,5.570888040993142,-1.483349200745586,-3.6235466480370566,-3.51314378730519,-3.98952551325339,-4.553178290194518,0.1449299624432299,-0.28180148832880597,6.247415437179695,0.13687152588557694,3.2855049474287346,2.6401717163325054,3.406302128559288,0.4643443972835775,-0.16123960151019506,-0.387733339630549,0.4316405953330618,0.6577239468542576,-1.0893645421873224,-8.935406325957409,-9.419664490622326,-9.251822288894713,3.9022394676023002,-3.9022394676023
11,-0.16763098145622365,0.7930392102545015,-0.03592733748214584,-0.5894808913161406,-5.641203496984714,-4.637353972221295,-5.570753754470195,-6.336924022394949,-0.40453861961038867,0.5356334426495329,-0.13109482303914116,1.1258199536707665,2.975514393746615,-0.7630969540429406,2.293244030617512,-1.5301470765745828,-5.036551607157645,-3.824644665876819,-4.337372598644838,46.89793116241542,41.44907277821607,47.338171514486774,0.050267681593300584,-0.05026768159328727,-7.045854323349687,-7.3610201519754135,-44.63737120567156,-44.24507493693999,-52.3254936247775,-51.85811274894532,0.978768350237516,-0.9787683502375246,-18.80103288580084,-18.63320461203827,-17.51947075374426,24.552509690925962,-18.990707109803125,-17.42923748649701,-8.534417370742222,-9.781518953130423,-8.92552156108547,24.72767922008105,25.99211707997561,-0.9338599008588805,1.6113002190536578,-20.98789508897211,-0.6774403181947853,10.139478594420503,9.874434217533501,10.239981447309434,15.060197553929557,15.325562052835359,14.088580240367286,0.8889589886305193,-0.30842069183916443,-0.5805382967913609,5.370870559072168,4.874685992839567,3.2681998050472663,0.17089581596620856,-0.170895815966213
12,-0.5068779199202371,0.23454492256637033,-1.9373311666867168,2.2096641640406123,0.38237321199205737,1.462238090968187,0.7931496208873848,1.0399838746452605,0.5862278675293112,-0.1306847842083401,-0.4555430833209854,-1.583765124148746,-0.2597571248399562,0.26450425445410386,-0.932831122576694,0.6683268681226049,-3.5328906627320737,-0.9257412538207902,-0.4761524008428962,0.659753018373648,0.7378356964542896,1.1965166225115746,0.6055845078429813,-0.6055845078429872,3.898565344481258,4.775161956872169,9.434368886146874,9.290458445287067,5.983984506027615,7.3403940235763185,-0.3555077632845207,0.35550776328452643,48.67206221523585,6.380242834190771,52.73593942045338,12.72555390928198,52.318170779562614,46.431738390720476,27.92131950534266,27.274658656199303,30.68745219645864,12.000343659567491,12.397349692696848,-0.38405313887259707,0.7354850376362131,14.038920372556584,-0.3514318987636053,-0.6823888795391474,0.14524291873535733,0.12388622996512443,-4.112846165454099,-4.148090174584854,-5.165748598354911,0.02384553208186846,0.2436905237104462,-0.26753605579232187,0.6101674018622144,2.11538468840611,1.8008584163778654,-0.6326390165624113,0.6326390165624093
13,0.19165997404343416,-0.3954349277393208,7.664341726882555,-7.460566773186701,-16.153367287267308,-17.704234864831502,-16.403300214080986,-17.74798512373106,-0.9467759629543372,-0.3149488816476121,1.2617248446019338,-2.8229467155091346,-2.6994473805793975,-1.2700867663370405,1.554533067433077,-0.28444630109602403,0.8913095249416823,3.015190207803936,2.4740325602394613,3.9970050690915624,4.9769472787251905,4.87675294800061,-0.625647002906164,0.625647002906167,-0.6815243273550879,0.094133160474136,5.693540725931294,4.830490536764595,1.9124759149474315,3.7451408231499808,-0.48166570256637103,0.4816657025663729,2.791923657887393,1.1902656149815831,2.614538687169991,1.5369292689198284,2.9308586834989354,-1.6488660821070322,8.590721819185886,7.203596753704017,4.014085983568659,1.8100891914428743,1.1063417598023253,-1.6210589476066972,2.1392290860229064,-1.211537422037002,-0.5181701384162098,0.5142608760271588,1.064883560973397,0.62501979040892,4.499428396498385,5.115445740991533,4.168217725818417,0.4254136578548653,-0.5748461502696185,0.14943249241475498,6.886479754481555,7.526229655906003,6.895510930163351,-2.8161293367161333,2.816129336716131
14,1.7584046393942308,-3.1038426066073628,1.9252592657834717,-0.5798212985703519,0.40800298096953347,0.27647307040441854,-6.46487417855392,9.565956460129302,-0.5452815380566535,-0.15239432800405875,0.6976758660607157,-0.9443091408182385,-0.32092322543769647,0.661755415986988,0.4012688044982198,-1.0630242204852136,-4.061306070802749,-0.4502807476979118,-0.8610541046671564,-0.4254042591053613,-2.678196806641363,-1.8623956469082925,0.3878596725908308,-0.3878596725908374,-0.0027959674899498722,0.283460746125876,2.150097351071455,1.9992660757423102,2.157268106128934,3.315417582690358,0.5278460016132409,-0.5278460016132424,-1.82865587128445,-1.0484905135411882,-2.9662823552215603,-3.605633404034578,-1.8600413879545288,-1.3153790180363762,-3.441065973442507,-3.930049323670505,-5.047055068986426,-2.4776933531265057,-2.98058488020644,0.07274513163925515,0.22893503192791045,-2.5109196149904234,-0.3016801635671655,-3.2118818606144095,-2.210482687257011,-2.9559943440246235,-3.171272546473011,-2.9361164174554775,-1.6272377808843026,-0.4778501390274596,-0.8859504516015506,1.3638005906290092,-1.3369182850579497,-0.1939966768050538,-0.4142514219262034,1.3235954282929157,-1.3235954282929174
15,-0.5176900115931797,1.1845314539170524,3.138976549286265,-3.805817991610153,-3.7374680620513727,-2.8464546441649032,-0.7343367434139392,-3.193139394053431,-1.605838940892384,0.6113633557289682,0.994475585163447,-7.109343556339223,-2.738512965254234,-4.138571659876829,5.541481828850972,-1.4029101689741181,0.6833620759696284,1.70775249046002,2.624327984535934,0.033012799864715135,-1.2955678878914472,4.6228621504956955,0.433171165234212,-0.4331711652342199,-4.578388075843075,-4.677523107928349,3.1113665718401244,1.6853315972122944,22.001345053503144,17.052549687795317,-0.9666536633017935,0.9666536633017943,-34.56539116270101,-20.770775150758567,-57.27368719422901,-17.220462095627855,-44.637404502746904,-36.50285087701029,-58.13600494930615,-81.5965914009113,-62.24328896996503,-17.58013628228584,-17.5402769030054,-2.4426036326826157,3.3246614728724495,-19.936073768674113,-0.8820578401898519,-8.642295259541923,-8.897782133791011,-7.7125088483934405,-11.315664306718242,-11.255991451004435,-10.9144027487022,-0.16599061970267473,-0.1337381068542357,0.2997287265569262,-43.18567125471954,-49.04310919124871,-40.78284095704952,11.337891310541885,-11.337891310541877
16,-0.26207269339972283,-0.34347111140635744,-0.34149811026745497,0.9470419150735319,-0.5554360278561521,-0.41698768106723577,-1.1006190274071221,-0.6759588584525094,-0.06349868505412345,0.20753083474831194,-0.14403214969419173,-0.01518448050806298,0.7485676974909918,0.15406581238705722,-0.5551420323011893,0.40107621991412407,-5.080185695057451,-5.349042832887896,-5.052373490680884,-2.9791450361321132,-3.2765200356989395,-4.815027132734832,0.11285955923988145,-0.1128595592398814,-0.5639087388483638,-0.9427109719345339,-2.0234137927703997,-1.5423589609462858,0.20183362723611617,-0.7917647005381394,-17.13716708405095,17.137167084050954,-6.257365466487254,-5.796097206324885,-1.0335192890123677,-0.9466163918840891,-2.2230245511187023,-3.423359812283875,8.056457498310843,8.688300234069615,6.644906262656965,-0.658876742940559,-0.6019461147686926,1.1737258548896596,-1.780918397610688,-6.616525945909144,0.6071925427210286,-0.019804399219885815,-0.878471407209716,-0.8115213256981432,3.1495573399428576,3.621367167146858,4.069972908972715,-0.7675534712135057,0.3124604128132953,0.4550930584002066,-2.930187685213263,-3.7687081067260433,-3.582444971142438,0.26764963261660774,-0.2676496326166084
17,0.4824016255750652,0.08956686265399742,-0.7141187718204007,0.1421502835913645,0.10541086741009754,-0.5834013235072039,0.1540825507842848,0.07072781176729494,0.2959369288381976,-0.36622299592999036,0.07028606709179605,0.37375399212115595,0.6767975867242921,-0.4273801816077317,0.03048197926017414,0.39689820234755635,1.5021575539131777,0.934958310630732,0.349303374537354,0.5247155514997338,-1.5750275756340346,-2.583504600521292,-0.2708422464307243,0.27084224643073285,-29.532830947853437,-30.195298953438986,-11.847569460573233,-11.514486242043155,-15.527587842988202,-12.199316515629128,0.3022386634044096,-0.3022386634044142,-0.5598806751407018,-4.369855920375245,1.3716207496003598,14.745275181057725,0.17256682680366925,0.7393403492878121,11.903918924229306,13.018556668970982,10.001836549755794,14.35252412596047,15.94483496579867,0.43541604980905807,-0.8407554996456897,-3.9960333848846896,0.40533944983663595,-4.810763130131928,-4.903393291564316,-5.041364599635898,5.145744143792743,5.867217719950243,5.9085082801083955,0.33997880963066074,-0.34764600485791847,0.00766719522725171,-4.8808522091330016,-4.247380985242307,-4.220102155947154,1.9196240558273165,-1.9196240558273183
18,-0.586584101081129,-1.311508247755667,3.3197637558704853,-1.421671407033671,-0.1868735031718991,0.4618545368536155,0.3346805654774284,0.3463660915299886,-0.46313609703346176,0.22779345856937852,0.23534263846406447,4.260546204508227,4.091391522174006,0.151975660511079,0.5360846848076116,-0.6880603453187131,55.090633497249264,60.48313461449083,58.549899695208914,12.732687644367267,13.16338880998184,14.733867872915898,-0.3148862272986739,0.3148862272986846,0.8748320992606077,1.2139258461131233,1.042433065690641,0.9987917236778888,-1.1314851618414647,0.11536895014284067,-0.4933957685107215,0.49339576851071987,0.6900108948358391,-0.29820961023879344,3.0945151335514316,13.688921691100548,3.8931249470874936,-0.9293596495065405,10.956732573567145,9.691660681076069,9.745703786580387,14.20072712749482,12.865291960715979,-1.1058329587302906,2.1362817947373323,-1.644584682482664,-1.030448836007032,-0.8998555986538191,-1.5469463936506305,-0.6201244166072992,0.2256826106512679,0.17833799966727817,0.5164822987179479,-0.05927665910682237,0.037232355377957244,0.022044303728872734,9.261120117391103,9.332954819418594,8.275304905462868,-2.147243289593821,2.1472432895938205
19,-0.030992012866328498,0.2608687817487584,-1.7830997162449582,1.553222947362538,-1.8085354834118397,-1.3577217028191464,-2.143173029760279,-3.2841091375695273,-0.5652733799141926,-0.12373352726496123,0.6890069071791508,-1.1214044719684413,-1.7818312898256767,0.1863858854286474,0.28173632524439624,-0.4681222106730437,-3.679506950878369,-3.5997647249388303,-3.2571561598199783,-1.8774139663236165,-1.8219040776784663,-3.2373932021911482,-0.21389804309317126,0.21389804309317717,7.9545020783859695,8.526554144567587,-1.9280623510932247,-1.1345676529986013,-3.881245400022541,-4.2090782725387,0.47758981508430176,-0.47758981508430176,10.191452767796697,-4.870762682398727,21.72128486141573,-7.838762223936539,-6.393894805586439,24.784615137802174,-5.907924203415823,-7.428885642621577,-3.4243971567949143,-6.520913024541564,-7.551264699187581,0.14771134827570231,-0.4557821212841162,-1.6251326821828358,0.30807077300841235,3.0539770092045506,3.338983571628226,4.094906792880027,4.637889288025902,4.608802087214088,3.0540501052258664,0.9459446502902878,-0.10454769120924645,-0.8413969590810404,14.022609533578725,19.054697412247414,12.536137575938092,-3.54679549279941,3.5467954927994083
20,0.04019009638019769,0.5615943877659805,-0.0883619933291975,-0.5134224908169853,-1.0055747174613752,-1.883676596530841,-0.17371631938813897,1.1495484108166514,-0.4150741033016453,-0.03409949068067322,0.4491735939823137,-0.4622174046558795,-0.5475667093694622,-0.5615445962800593,0.7667291070991075,-0.20518451081904818,-0.5394762938966967,-1.2618755274913327,-0.6213441940649354,0.31325703175854297,-1.4869540304409985,-1.0022426449288655,-0.5516468125245179,0.5516468125245154,-0.8705787992559866,-0.42581446904869336,-0.26921124600403695,0.41447337776009224,0.6907726949721551,2.485551521417146,-0.3374131821112565,0.33741318211125615,1.0288823107132987,-2.0959636645430257,-2.084649052264152,-0.3516438976139268,-1.4981304408951015,-1.664801055660476,1.3219197824866464,1.8657359138375749,0.9622643908744682,-0.9111352957099408,-0.4997529347335442,-0.14981056806897175,-0.5503927289091902,-0.9721742209907988,0.7002032969781611,8.402225383805412,-2.569436620591044,-1.5999925673253663,1.141511946660084,0.7708757914719337,3.205220222299702,2.8181466465824045,6.7222534829934295,-9.540400129575842,-0.12347160729590437,0.7890928549008643,-0.7805839799540573,0.22600046285816994,-0.2260004628581684
21,-0.4413207666797016,-0.5820035615095176,0.4045323093761544,0.6187920188130612,-0.8928210427005621,-0.5269356726155932,1.1376952253517394,-0.0008820545426967049,-0.20324714215897055,-0.18954832802761043,0.39279547018657257,-1.4494364847043835,-0.8457129182587688,-0.02041086850038422,-1.072824657686385,1.093235526186758,0.472474449403582,0.8089026336053163,1.11817315981318,1.2350727641259556,0.9037458712495285,0.8742875444219236,-0.175809678590966,0.17580967859096544,0.7416879281581927,1.0251134679836653,1.8787184360060216,0.8443899887203502,-0.09693109822365756,1.0072589242548065,-0.19848045479779755,0.1984804547978006,1.6652543302616998,0.4646796591275398,5.769569365648433,2.4382583668652225,3.8820382364423938,3.576348613121083,4.839693486246682,4.396369165487793,3.696390129104583,2.2697909257214035,1.8581302799549182,-0.374143158646686,0.8874939051278056,0.4612303958886794,-0.5133507464811221,8.50023987854586,5.302052983567825,7.170952179518622,5.8999207371518345,5.8714704424803115,5.969609198503324,9.238015019402477,-16.47259046222919,7.234575442826704,4.681731691952705,5.4745938524394955,4.330719038003889,-1.2455649764043797,1.2455649764043786
22,-0.7820585771028581,0.596938261952096,0.26727574192865095,-0.08215542677788103,-1.2212672906545834,-0.38685171194982515,-1.501860329927792,-1.3625050987217815,-0.31497972586396594,0.13840864197036962,0.1765710838935907,0.20481012563468032,-0.20201191389949205,-0.8789732128736114,0.1725066841678322,0.7064665287057795,1.0745069204223652,1.0240329724178587,1.5906332932416591,-0.04755317782238658,-0.800501085642096,0.7766185233641494,-0.7919424305750651,0.7919424305750676,0.06955936871961636,1.0036267312297817,-0.8797856330076519,1.0165774225247488,-1.9426904826885616,-0.7363300552800393,0.23787437767137531,-0.2378743776713774,0.531225723035287,1.074410159569065,1.446428605620861,1.740678989151614,1.7398179691212052,2.084923739426852,-1.0153225346614236,0.8638462338079761,0.06270423439765099,3.985775356745886,2.211882705394564,-0.09541616315430942,0.6565011143904605,0.2926535900367507,-0.5610849512361523,-0.6514499786183303,9.42797273168163,-10.635238342470068,3.6048825167693503,1.78158555902097,-2.087493655858109,1.6646973132878962,-1.4458776742130317,-0.21881963907486554,-0.6163702513995731,-0.30149471507003595,-1.449333595216909,-0.19789543279291702,0.19789543279291621
23,1.7594417975779855,1.0973043301430432,-3.9792821745576874,1.1225360468367014,-8.08876021546584,-9.463319234576945,-8.5599695515757,-8.776778656648041,0.08693628242759056,0.04602119598418748,-0.13295747841176989,1.5329182646945188,6.877972918516449,1.0562611312721426,-1.7293525489458568,0.6730914176737015,-5.087806960218018,-7.004391354875798,-6.567077578019226,-15.182824304982985,-15.845461437660084,-16.43513211485971,0.022212570633919952,-0.022212570633919862,-3.4603674623626466,-2.723724202304567,-41.84820977263446,-41.043468827877504,-44.14489390849266,-44.67632979243741,-0.49574298826133506,0.49574298826132973,-15.725083371631268,-21.183445701937877,-21.37457882876844,23.47462919929074,-16.81854761590142,-16.698958480808326,-11.547293157846623,-6.6119068687255504,-6.074495023151113,22.619011634248235,23.875095760521308,-0.6604956799040309,0.855811764795739,-20.9723452960227,-0.19531608489171876,-3.167611648644451,-3.5502523491914078,-3.5665062531584666,1.2638864224616944,1.1826635467097837,2.396128882463355,-0.7204453335204778,0.03057228824675483,0.6898730452737154,-20.70068976430593,-21.71117366471326,-22.01375315185271,3.814850648723521,-3.8148506487235223
24,-1.764922304968411,0.1695494181280007,1.7192269727301153,-0.12385408588965323,3.385391056693611,5.327433118267337,1.9692650218935757,2.3389038629156302,-0.3230950556329837,-0.05903207421213001,0.38212712984506225,-0.4165665282703337,0.23220793747957058,-0.9877696487579665,1.9030542249094793,-0.9152845761514987,-0.877707035249992,-0.8012013071776297,-1.1781485904635138,7.094995857343312,5.471996348426273,5.956810712948258,0.28879402702094037,-0.28879402702093676,-2.5317686261734007,-2.658680705009644,-4.808069028301162,-4.17979825093482,-2.4250806407482646,-1.3035545803824218,1.1956379388653355,-1.195637938865337,77.09410576346266,79.67262560429343,81.68444785155572,52.73011385474811,73.97071618953193,73.32252228278936,33.57880542180452,30.16893964230534,29.990375143849107,53.025101048271836,52.504812304939854,-1.5245752501448655,2.908243741855826,81.60965614706491,-1.3836684917109434,8.748224638819027,8.754508877485558,9.218412922315938,14.577517116352261,14.750324843421726,12.680897935825408,1.485389026689397,-0.9583885346678699,-0.5270004920215463,21.30189293416825,28.71615205456171,24.873106172597588,-4.944577992895675,4.9445779928956615
25,0.5498104099499583,0.16852288079022862,-0.818004546664291,0.09967125592411259,1.3144361839159386,0.42574950043990695,1.1924842270263145,1.3448110056088782,0.3720692525020411,-0.1729091974166861,-0.1991600550853541,1.314567474814665,1.9164949483389833,0.5017957353558279,0.006652486337788537,-0.5084482216936095,2.4495218223996225,1.5130747872022203,1.4642110197415295,-0.3347600905669109,-0.28988659789998816,-0.36350808418539016,-0.9085952222585003,0.9085952222585074,-2.1636074634091482,-3.2072792137389525,-0.5643998007297509,-0.33874056845784367,0.007374931221007757,0.4531284150181841,0.16710764272376533,-0.16710764272375955,19.641044701744136,14.262852360947234,21.213576337983444,-16.929802256314677,20.1240589585406,17.586250009449884,-1.638148976538945,-2.595405202036954,1.121737343169368,-16.574960021117953,-17.572178296984916,-0.8582456900782758,1.7548637449985707,15.979189492908008,-0.8966180549202875,-14.784823641604925,-15.083528181005848,-15.636059940189227,-49.389702124703234,-49.61648295320892,-48.911749354045114,-0.44963739946122594,0.25387129166516587,0.19576610779606873,13.478733944653671,13.725821795490544,14.188670950490163,-4.049123202098198,4.049123202098196
26,1.2783395593725257,0.9620867056409821,-2.9668418801833707,0.7264156151698657,-1.7029840139089882,-0.6656082601567346,-0.8774016003234273,-2.393727988414132,-0.5868122374387647,-0.43090151240806973,1.0177137498468225,-0.8554935829591266,0.824454659196694,0.19298391636455356,0.026449795457250985,-0.21943371182181237,-2.4047100930141663,-2.642455599125629,-2.4537594623585672,-2.3741628962213635,-5.9319236241859,-4.435617448526513,0.45851410035216483,-0.4585141003521644,3.1298371859144902,3.6712730493178483,4.857765372904682,5.531162139397334,2.170537555800922,3.5406387413928337,0.09808694684950917,-0.09808694684951223,0.8392135657471558,-4.030833754966904,7.147166558042673,7.1529254385369025,2.497679481304759,2.8805838545293327,8.423891302040598,6.351296868829096,8.314482394578839,7.313803997059595,6.854855540089439,-0.6920560287373964,1.2412727619577693,-3.2555410351023704,-0.5492167332203715,-2.3318859790192783,-2.2829525298371003,-1.2458493111913047,-0.5091157904453414,-1.2793575163550965,-2.359489067355339,0.48367340685099436,0.019755688700557283,-0.503429095551553,-4.30176072641297,8.954825798615254,18.808687165216124,0.7976225180310589,-0.7976225180310618
27,-1.2006881981337347,-0.6771182760872603,2.6821023176316534,-0.8042958434106611,4.5901075142917,5.574402470927854,5.409333520541861,4.512461616633136,-0.16671220958020394,0.02413612408492081,0.14257608549529152,2.568710727237122,3.723755273762506,-0.5398331939397355,0.5465194475349608,-0.006686253595225619,-4.028207647574853,-2.6737135838565838,-3.5514882429878596,-5.703390388151927,-6.4570445975217945,-7.4406562595044194,-0.348972640585409,0.3489726405853997,-1.0782356513970357,0.557625329755196,-2.2254208631610974,-2.000060216009573,-1.9099951507240402,-1.2547991825229297,-1.4376552523761317,1.4376552523761321,-8.180206821493952,-9.916265348032875,-7.971667276563668,2.74576892248797,-6.782282376375796,-6.609478807497021,9.024689937497373,7.561444866246955,8.42809167122107,2.107361647113294,3.5928589942767717,13.065917928572226,-23.979103656645993,-10.12458829168558,10.91318572807379,-3.3204898889970313,-3.380740646507468,-2.799329656394736,1.5325168152411985,1.4440816132672132,1.9108620297992664,-0.2527888606470859,0.011416895580868171,0.24137196506621755,-5.9071300991781435,-6.457679122926611,-5.015898295230053,-0.5984490625173406,0.5984490625173412
28,0.48748214129114814,0.19187944482435174,0.3543197415272186,-1.0336813276427141,0.2996535441058771,0.03324561913025996,-0.4985746818527164,-0.17224943921208077,0.16923432151388365,-0.25637083265168936,0.0871365111377865,-3.0698992153065063,-5.095065196101446,-0.08519158883128874,-0.32155654967321845,0.40674813850450114,-0.4942413343146734,-2.416849942726314,-1.3070574480296948,0.5638888588169119,1.3139952384268139,1.7383038691082648,-0.5813200009591227,0.581320000959128,4.403727972730719,4.827602259434855,2.1228971690891,2.276212697355409,-1.976779576875128,-2.053188163777547,-0.8518768240042839,0.8518768240042857,-10.260279082195103,-0.8811408643971146,26.101057543348002,24.00993157855809,27.993104523031672,30.110030725460252,21.191928579127246,23.419850633598926,15.976003470334025,23.847979872320625,24.071446743962078,-0.8977844573673112,1.4520828949706868,-2.3012293615266484,-0.5542984376033732,-5.136357106379592,-6.116706202562346,-5.051536360975485,-2.9554117194550833,-2.154868262451185,-2.25392506187756,0.6368667313991607,0.7026810755886561,-1.3395478069878268,7.319361128844034,5.662090973619079,5.905411113416693,-0.9285324510481691,0.9285324510481666
29,-0.0042327748054291955,0.27324672407809814,-2.0758734969707975,1.8068595476981364,0.28652496182194037,-0.0800986597371729,-0.7156032418485155,-0.18649045261936195,0.45770371892317113,-0.1461677990562307,-0.3115359198669342,1.4347478830791633,2.188184249908222,0.333521674767684,0.23122048553384716,-0.5647421603015298,1.2753312696162715,-0.4876772343643698,-0.7383720038121986,-0.5316261675899472,0.3925336727470994,-0.13065976170905677,-0.4700220363419315,0.47002203634193246,-16.59322591769476,9.303560623687384,-2.9584433839090423,-1.2465969769527336,-0.19954678226785771,-3.788973431218039,0.28173105975081597,-0.2817310597508155,1.853020342818561,1.0505319826518127,4.158703653061876,-1.1848566322233518,2.0853422102879415,2.0054890234015463,1.3375206007956137,2.4153045288666832,2.5159225703774943,-2.224641950831745,-1.2674536499876694,-0.0906301049797991,-0.26687165931794,1.0895101075995968,0.3575017642977388,0.06783317007099675,-0.34897049970837196,0.11612858915240175,0.1678213769043848,-0.3190583222288275,0.3946804369439289,-0.05443053655021163,-0.20358975267604787,0.25802028922626397,5.78331605529965,5.882176389248802,4.829916749680434,-1.6842868226734797,1.6842868226734777
30,-2.06790606719382,-7.259958955613403,1.5964566050279572,7.731408417779309,-3.780353995057085,-0.5542134844692105,-1.482053740363076,-1.0975038665279648,0.43123715647551786,0.2732786922621989,-0.704515848737704,-3.3946256200096183,-13.664770714206265,-10.065047000527635,8.736955536091632,1.328091464436001,-3.595745369873567,-3.5815897588758467,-8.390764729909527,-1.6909170947565448,2.618602555607802,-2.6850974835633314,0.03428162055442776,-0.03428162055442892,1.9591484496478606,1.7825460594922113,1.1800151013134934,1.0205046088978509,-1.8288071215537876,-0.4764036974154783,-0.1505497716598082,0.15054977165980662,2.9056201288348933,0.9122384724519523,2.5588531840556157,10.822504668203806,1.6263090218033225,0.7038461128265923,7.684587119887487,9.559699217097803,11.593083760317132,10.018297255388363,11.892841326214906,0.2795505715917203,0.1275744107269038,-0.9426103119225262,-0.40712498231862654,-4.4925287537490455,-4.335467521711783,-4.467231167965225,-4.474581319823028,-4.762820915908801,-4.043931194183964,-0.5092783890049315,0.2651513955920814,0.2441269934128385,-3.925219110986786,-4.665788819884963,-3.962768493064635,1.3844407775279515,-1.38444077752795
31,-0.39292298017380484,-0.45708094344091477,-1.0662653045134975,1.916269228128231,0.3736393182097062,0.35421780264064195,-0.661806996569008,-0.42587198939594906,-0.2654463363716427,-0.13618853600569808,0.4016348723773395,1.9014086498625196,3.522834426841929,0.7181070765692924,-0.8591486830748052,0.14104160650550832,0.8559495191891527,1.8331630798700653,0.5721564393661632,0.022113716693100423,-1.847553595011987,-1.1445972212704785,-1.0313272615249451,1.0313272615249487,-0.16980349421003596,0.20838716454272518,-3.2476041209367477,-1.8363388879282727,-2.274005764923072,-2.8188196731042647,0.5614729304181014,-0.5614729304180979,2.7656482536594615,-0.3293905287669351,2.6702222288057356,-1.236429087380758,0.38614176295485636,1.2470018978138278,0.2874506135427816,0.9556351658498614,2.124642043342023,-0.7065112546341338,-1.0290155981935292,0.5242591725451138,-0.5776770187321564,0.5808851472294159,0.05341784618704745,1.143119984914107,-0.13391023878813954,-0.5436233605587265,-0.09888638987172904,0.07395613843634223,1.5790599066606092,0.04011533764706281,0.13636833299571183,-0.17648367064277395,25.848776488014458,8.089168495974553,19.983217556890207,-2.0496333326504743,2.0496333326504717
32,2.5642921808171857,-1.0626983143982007,0.49513628873229015,-1.9967301551512864,-1.8658687699267882,-4.003198946267806,-3.878080873913636,-1.6225661683949253,-0.4240509669573336,-0.10442380390063095,0.528474770857956,-1.8714140695512091,0.7445066267795882,1.4793485784817577,0.3714385790613522,-1.850787157543107,9.378001250315043,-8.81865302994026,-4.2006981241282215,2.805369072734795,2.4294699547212635,4.197044714362714,-0.46749105817616715,0.46749105817615894,9.465192840259085,8.460347981013262,17.387475938867208,17.372609371377564,13.098460316123232,12.957716691918394,-1.6763114629521971,1.6763114629521922,7.421049856703492,-4.617773157966028,9.8232791204721,24.662484493402367,4.7973193919768775,3.545924480372897,29.155502136611645,29.113896690275705,23.074066293286233,26.13584853739088,24.210488822611353,0.23958678870218533,-0.1904908420942784,-1.8864012756138742,-0.04909594660789855,2.0019833098100714,3.364775674503272,2.798800659319754,6.3436219306481245,5.34407752128366,4.211572070896084,0.6634157169788402,-0.3141721708809685,-0.34924354609788083,-2.6323060911767486,-2.773836047782866,-3.7828634662070595,1.654051038643179,-1.6540510386431793
33,0.7127543407928925,5.1736304792611385,-21.205237894522785,15.318853074468775,-19.871328641625336,-18.063589218501402,-20.396022747309416,-18.11426933156867,2.020962608386779,-0.41321569865841135,-1.6077469097283636,7.544210947106653,8.059269705472902,-0.11510422213841029,-0.8818284787926756,0.9969327009310897,-1.8577512729572556,-4.099302827031511,-3.345031060460597,-2.0895332864904788,-2.9867224669318015,-3.560630707477641,0.21520957327664467,-0.2152095732766491,-2.4970622639388718,-1.9595867647789313,4.11016506183034,5.5430023841100144,2.4673319095768984,3.1125331765706843,4.205127893965555,-4.205127893965552,-7.548101780895153,3.3761437079415715,-0.9765696031685781,-6.793314529471129,-2.593186334349127,-0.6109043571795523,0.6613219145313287,1.5676439445639572,-1.9504012677490663,-6.12888154126884,-5.084956441432683,3.501631920041751,-6.818546017907881,4.233860878844166,3.316914097866126,-0.29068104799628375,-0.3780802253975727,-0.3763490054559422,-2.563673866917642,-2.5295125220955472,-2.5270852342427155,-0.20289233190256145,0.38590409247994656,-0.1830117605773844,-4.195013897940908,-4.0807600609670445,-4.886233985077385,2.5090229469441607,-2.5090229469441616
34,-0.5365678357268686,-0.6980061445410553,0.9625279055910727,0.2720460746768452,3.2720254125045387,4.481080522239819,1.842111877129068,1.9952933482964734,-1.5368520994483468,-0.5643786219995006,2.101230721447855,-3.979642107283453,11.484231595521548,-4.852113905946015,6.384001294442665,-1.5318873884966728,2.8187750774649083,3.977585202572198,2.1923279344513005,1.7254568608610954,4.451084313650789,2.507502033806156,1.5992372436164355,-1.5992372436164364,-4.803254540061327,-5.162655747218677,-6.098383184145926,-6.796187580573318,-4.10575205049017,-7.259738826286574,0.6057151837414939,-0.6057151837414907,-3.148619252108259,-5.012974029769898,5.147685206532231,-3.9567526375847857,5.887514047568572,1.9953828279688508,7.809330593953404,7.500975973443557,2.1735950744278947,-3.173374608776006,-4.552060965120258,-0.6729641544936136,0.9283396725364865,-1.179764965347418,-0.25537551804286984,3.6869696039644695,3.1838567970389056,2.7414238430163835,3.634211354170504,5.320931740287083,5.158767389238944,-0.06139373530532363,0.3486242431433868,-0.2872305078380643,23.2294797394935,24.258343219710568,19.873833790013478,-7.626509205087022,7.626509205087018
35,0.6450186347439989,-0.47169891738797215,-1.2868517073090264,1.113531989952968,2.305592257013705,3.004168104899734,2.6138226149733033,4.100411588973955,1.1055208574482656,0.08015545825981556,-1.1856763157080843,0.911469272287208,-3.7593649175366197,0.7876272627706794,-1.8825065165888237,1.0948792538181458,-3.24698640683264,-2.176698024153254,-2.370098575375029,-1.9148797329484184,0.32450165114884516,-1.896361707172724,-0.18822777362391074,0.18822777362391152,6.285643058683335,5.3295866242015,17.79468363099703,16.61863190721661,7.603412677870942,9.31813365575401,-1.5737924457493424,1.5737924457493335,-3.9721764060015414,-4.5164339030476555,-18.727839776169933,-2.4249198751629906,-12.090512798085731,-8.805120139353008,-55.29838050271494,-57.26327663732933,-56.99649485649015,-4.492019796175501,-3.7439417936547166,-1.1800566126511216,2.235980310733806,-5.864274552976962,-1.0559236980826876,-0.558281658886864,-0.07438947031338614,-1.5311818065029295,-4.873138682515372,-3.7717258909907385,-3.7823632237328217,-0.4123514345258687,0.19919220668187573,0.21315922784400515,27.02140634965099,27.045019495638076,25.10877112954412,-7.918003726826755,7.918003726826762
36,-0.13019554737798422,0.4849693426054635,-2.0657867410650543,1.7110129458375953,0.6366526208647805,0.7636287212391261,0.3224311502519053,1.022170273732053,0.26296464408358183,-0.41503639830182865,0.1520717542182644,2.994582205211546,2.092099142129843,0.2717846817170491,-1.0358340119376517,0.7640493302206102,-2.3481409326254825,-2.3579835544340533,-2.526739308597947,-4.045016046340386,-5.468041508868144,-6.477705644940211,-0.2825838112599819,0.28258381125997284,0.5382692577030253,0.13851769049038493,0.5603225800794669,1.4645822682855476,-2.4138211039635884,-1.5903287966652833,2.315732255421162,-2.315732255421165,0.24148756974822838,0.28652282529960243,4.522072192477493,10.662901174624348,2.059086441625914,3.0899520494210315,14.20995767563162,11.089656277149565,10.345803304863653,10.708532287133844,11.597333141018842,1.6512483932807056,-2.921418974686922,0.45154434277703337,1.2701705814062145,5.45146120390563,5.20442408835191,5.821827018951833,4.650398307987046,4.798040404186822,4.107520493549341,0.3360312152757844,0.22042884988428316,-0.556460065160067,-55.39598707505515,-57.43006504053016,-49.11671749516719,-7.016118921013583,7.016118921013592
37,8.251129538548046,-4.927412361812034,-0.24638541417496726,-3.0773317625610317,-4.301729686343523,4.636495325397596,-1.5378394042703332,-2.191222599760899,-0.4673824329365054,-0.12386957824705912,0.5912520111835661,1.271115075974899,-1.2600672221643303,0.8010025823183603,-0.30793444343333226,-0.49306813888502454,1.9233529811771213,2.2761170292892334,3.1180371295874365,0.49837372784327105,1.0771461431805354,2.3450194339755805,1.0096404585546612,-1.009640458554661,0.2201615751244817,-0.3226390195698594,0.9790546180084102,1.1817320580280422,3.3267609097734203,1.696669244890203,-0.1448901802254056,0.14489018022540792,3.7032776073712195,2.8920547962285794,2.535719214144157,-0.1371179424048626,3.050984439911037,2.1028041767914063,0.10973180492484291,-0.8265501256491822,-0.7342886887437535,-1.244439501353133,-1.172005847360347,-0.22525825041257536,0.6638522332454752,5.153732010333604,-0.4385939828329036,0.7124869778766318,1.4007114208732137,0.6857863174240141,-0.5301830561314916,0.0014303567688018852,-0.4723603653837387,1.3136416112299676,-0.7165450736672858,-0.5970965375626838,1.7017271487202765,1.171298271545684,0.7461943917138455,-0.06337358067771656,0.0633735806777159
38,2.114781711483287,2.890544621753274,-4.5685685006893095,-0.4367578325472511,-1.3776833271459537,-5.465191938171116,2.3955680015198366,0.3609431077390959,-0.0025542997328141534,1.2331989312849563,-1.2306446315521646,5.285723001601705,2.6697226275714465,-2.8253937061232604,5.929132627051739,-3.103738920928499,1.977906911402402,1.2455159566788092,2.121599353332651,0.9616790897636739,-5.2431462097956505,2.0266008587842825,-1.2585842347118101,1.2585842347118137,-2.6374551606863204,-1.285438301313132,-3.967501930473922,-5.129461768066484,-9.04792774222691,-3.495767932590701,-0.572761125393077,0.5727611253930711,4.448003141653745,2.3345521179659063,3.5109651175505423,-2.634294257067909,3.277529715816842,2.7841659754746697,0.6231271445461852,4.710605101187177,2.5105042459983054,-2.224682262261658,-2.148967818262702,0.5519257675974308,-0.574139294277692,3.1941179892069522,0.022213526680266146,1.2194252663218266,0.9265460444265506,0.6103335049656754,3.5733985693363723,5.804932623607103,5.756332052274561,-0.40956082523882126,-1.3031682474055342,1.7127290726443598,19.327312114924982,19.456745156198803,15.986675880285786,-6.542350908027742,6.5423509080277436
39,-0.009080633382049995,0.7380143936151554,-0.5825121067079766,-0.1464216535251352,0.6771235913141748,0.30154158597500513,1.0208482196699789,-0.040178454072100515,-0.07913862299475802,1.214414141226622,-1.1352755182318754,0.8101627896283262,1.4840813403158044,0.10253151485854481,-0.21265655729550148,0.11012504243695398,-1.287191558254501,-0.7599516349496717,-1.416946919343072,-0.8151925706190445,-0.3208347949461173,0.1747918732443007,0.20894101613744553,-0.2089410161374473,0.17273777333465018,-0.41884098380431994,0.9103610083433623,-0.9993798835026241,-1.7387711320773305,-0.20414573638715341,0.2863231533049593,-0.28632315330495844,0.47169623192507637,1.3017074855408322,2.6424177823849186,1.5870325407830894,2.996521561773081,1.8685421218645557,2.7516819786997786,2.805223577449247,1.7734602167139806,0.9179781200281268,1.8928795337231923,0.047712448390983486,0.005608618846899577,2.116071530185001,-0.053321067237878876,2.20579534645839,-0.7998320566845725,-2.121263291464022,4.589214413304254,-12.238574644314742,2.920261412992933,-1.049750937781825,-0.8323320620723603,1.8820829998541855,3.8001151778192477,3.37931109831423,2.3525441770649427,-0.8056455575339043,0.8056455575339035
40,0.27050427985826864,-0.3462777167016895,0.10155099572471098,-0.025777558881295147,0.05888720837830588,0.8994724648337799,0.995521280095349,0.5787157444773875,-0.13315229410825885,-0.22167999788471104,0.3548322919929764,1.4044571568091047,1.4713625024774075,0.2672422442507215,-0.6147920037945995,0.34754975954388284,-0.8158985223323395,-1.3875308562978625,-0.7712940074916138,4.52580115007115,5.7054676341048385,5.180664322363707,0.028335519057768627,-0.02833551905777019,8.889408287367635,8.007960062301064,-0.7119124996384869,-0.7061491444314799,-4.212071585556389,-4.054190065452172,-3.6266468074015443,3.626646807401546,-0.6822860155335685,1.0113028206197827,-5.0787273341976755,-10.924475793099631,-6.3796181703085715,-6.945094815755849,-14.826268992919871,-10.116854315977594,-9.534986370785786,-11.009790102115932,-10.814628673111525,0.4083256493871461,-0.3493113623175301,1.7684885745330001,-0.059014287069614715,-29.679002316076602,-29.279486236930623,-29.990154570589258,-2.0517853949141296,-1.3965935248739487,-1.8633887689276196,-0.22342340071216324,0.384705280295397,-0.16128187958323228,-0.6641119121386775,-1.647948199350507,-2.3984503332104854,1.9957761487320025,-1.9957761487320005
41,-0.5493178692964685,1.4403200908587641,-1.3279750884578263,0.4369728668955353,-0.1947893650499615,-0.3226015433294524,0.09338365525175413,-0.39241803508423667,-0.3441816991088727,-0.01312939616040117,0.3573110952692711,-1.6192610169011041,-1.9334492759429942,-0.41446018561194725,0.973813063684012,-0.5593528780720656,1.2042523575655755,0.8445636025109764,2.061191586863342,0.5934588031202581,0.3167840642768306,0.3860606825001278,-0.5300695679629746,0.5300695679629743,0.3534743284647328,0.3392131884078932,0.513776317894466,-1.0098412013352986,-0.07577449528819147,-0.10414047791683337,-0.1359943877451436,0.1359943877451425,1.1410968790854084,0.33500218770088175,0.7996931296402836,0.542656286861889,0.8372279095627725,0.06518044818677647,3.652556818332503,5.005371479396458,3.5821043392212566,-1.0252523487758192,-0.5536690134704513,-0.6117676344039373,0.40638758729947727,0.6108184552210819,0.20538004710446098,-8.073691450757348,6.135020928162318,5.21402585831381,-0.6322583493397405,-2.406886944056553,3.3472069014259143,4.04031734147845,0.698471320343162,-4.738788661821619,4.474015098883136,4.057589431757109,4.972206679313941,-1.429638407055192,1.4296384070551897
42,-1.907967261327353,5.865117724685132,-2.7914783237794953,-1.1656721395782685,-7.592537484942651,6.126294191141685,-1.8187049001067226,-0.9648271455437262,-0.1779511769815625,-1.0221484695532714,1.200099646534826,-1.0698053940084689,-2.3727347603070763,-1.3689122066196346,0.9454599219708252,0.4234522846488024,0.8416645993522741,-1.1090165652084822,0.3138368968514799,-0.8700503080566375,-5.417401981636693,-2.4263744356096026,-0.14557058580116436,0.14557058580115953,-1.6244569819895815,0.09848912868269416,-0.008927500139509287,-1.1285888555003072,-3.337917954631105,-3.3235597338610026,0.016571500702672635,-0.016571500702676552,-0.019614511059231236,-0.43401015500608114,2.510885196293398,7.820209103497936,1.2460227119821998,0.8163130033849397,10.584896087716025,12.623372563659712,8.215535633351514,6.1785531395251985,6.553480725359427,0.27506501183950494,-0.22110513157263892,-3.12079227165701,-0.053959880266870576,-1.0805736493890146,-1.8497951154939847,-2.061821411414836,-0.09772684135420347,-0.23463273425539125,-1.0247801205135751,0.5664188849800432,-0.1415782252454864,-0.4248406597345609,0.7974258202561102,0.2743902467068616,-1.0183713517479205,-0.9628217563542276,0.9628217563542261
43,-6.057143256720149,-6.7402806025108095,7.790369446663219,5.007054412567736,-3.5961515762233414,0.795526102266848,-0.5156807989797819,-2.387150571506136,-0.28929234638669843,0.7586183079566271,-0.46932596156992634,1.9460186571520413,0.8316397391333087,4.708144738003162,-1.9694444076816167,-2.7387003303215574,3.365828681058883,4.513863365816281,5.365844630981276,2.132066490475783,-1.6778812373811818,1.9871728480722268,0.6332178344551118,-0.6332178344551115,-2.264921946587418,-2.455467560764996,-1.1343406016517221,1.3945933104135146,-1.1211565506559125,-1.0133740725888913,0.3752586796761873,-0.37525867967618853,0.9247097018932163,-1.1264263549043927,0.13433121761488304,3.0968642714643755,1.971971572866939,-2.668596780769848,3.2568500806750484,1.245484674546873,-1.5746655218936274,3.4265797081719,2.692984868189604,-1.0198235152445312,2.359061102734411,0.21246605286155026,-1.339237587489878,-0.14377682041786244,0.5477652936150332,0.4023543969180452,1.5718755904450967,0.8451289456003913,0.40135370423432515,0.8509619015333145,0.043516873030155515,-0.8944787745634691,5.718216798861165,6.001377783974444,4.436336033038186,-1.5568526382512478,1.5568526382512475
44,0.8154801291529984,0.11097915208393451,-0.325867056021085,-0.6005922252158399,2.2246562394613303,0.8915677476149915,1.413634364079834,2.3192736604577697,-0.05093489757289014,-0.06402525687914251,0.11496015445202326,4.1654143080831085,4.020507426972217,2.092486989775733,-1.9013901360557057,-0.19109685372003055,-0.9483856519628784,-3.0825781496355513,-3.8414133946241282,-1.586414714140555,-2.0487769389882247,-3.501615687951991,-0.3910426349213744,0.3910426349213799,0.7325012549479754,0.3815851532259351,-7.728892941129624,-7.87241085835001,-10.295183105092427,-10.172945079641572,1.499624811919911,-1.4996248119199074,-2.8624531745310424,-4.177601435844034,2.147531432099906,11.37836960521426,3.2604281391390844,0.2507461645468397,37.023681078908126,9.081866322625576,37.23113602986047,11.29000175918484,10.707484599397162,-0.7598132312906266,1.6962428127793046,-6.034986512879001,-0.9364295814886769,-0.026523409245712462,0.20690152515326107,-1.4681252677922083,4.6148815838452215,5.345637872565628,6.293103849330832,-0.500021501195066,0.42188029903517554,0.07814120215988576,16.99020413818364,17.101605278109904,14.207359909605575,-4.063207002510633,4.063207002510627
