,ERX2079594,ERX2079595,ERX2079596,ERX2079597,ERX2079598,ERX2079599,SRX2804001,SRX2804004,SRX2804005,SRX2804006,SRX2804007,SRX2804008,SRX2804009,SRX2804010,SRX2804011,SRX2804012,SRX2804013,SRX2804014,SRX2804015,SRX2804016,SRX2804017,SRX2804019,SRX2804020,SRX2804021,SRX2804022,SRX2804023,SRX2804024,SRX2804027,SRX2804028,SRX2804029,SRX2804030,SRX2804031,SRX2804032,SRX2804033,SRX2804034,SRX2804035,SRX2804036,SRX2804037,SRX2804038,SRX2804039,SRX2804040,SRX2804041,SRX2804042,SRX2804043,SRX2804044,SRX2804045,SRX2804046,SRX2804047,SRX2804048,SRX2804049,SRX2804050,SRX2804051,SRX2804052,SRX2804053,SRX2804054,SRX2804055,SRX2804056,SRX2804057,SRX2804058,SRX2804059,SRX2070419,SRX2070420,SRX2070421,SRX2070422,SRX2070423,SRX2070424,SRX2070425,SRX2070426,SRX2070427,SRX1470895,SRX1470896,SRX2409106,SRX2409107,SRX2409108,SRX2409109,SRX2409110,SRX2409111,SRX7973255,SRX7973256,SRX7973257,SRX7973258,SRX7973259,SRX7973260,SRX7973261,SRX7973262,SRX7973264,SRX7973265,SRX7973266,ERX3475890,ERX3475891,ERX3475892,ERX3475894,ERX3475895,ERX3475896,ERX3475897,ERX3475899,ERX3475900,ERX3475901,SRX8524961,SRX8524962,SRX8524963,SRX8524964,SRX8524965,SRX8524966,SRX8524967,SRX8524968,SRX8524969,SRX8524970,SRX8524971,SRX8524972,SRX3266937,SRX3266939,SRX4401053,SRX4401054,SRX4401055,SRX4401056,SRX4401057,SRX4401058,SRX4401081,SRX4401082,SRX4401083,SRX4401084,SRX4401085,SRX4401086,SRX4401087,SRX4401088,SRX4401089,SRX4401090,SRX4401091,SRX4401092,SRX4401093,SRX4401094,SRX4401095,SRX4401096,SRX4401097,SRX4401098,SRX4401099,SRX4401100,SRX4401101,SRX4401102,SRX4401103,SRX4401104,SRX8757611,SRX8757612,SRX8757613,SRX8757614,SRX8757615,SRX8757616,SRX8757617,SRX8757618,SRX8757619,SRX8757620,SRX8757621,SRX8757622,SRX8757623,SRX8757625,SRX8757626,SRX8757628,SRX8757630,SRX8757631,SRX8757632,SRX8757633,SRX8757634,SRX6054568,SRX6054569,ERX540771,ERX540772,ERX540773,ERX540774,SRX4702827,SRX4702828,SRX4702829,SRX4702830,SRX4702831,SRX4702832,SRX2993586,SRX2993587,SRX2993588,SRX2993589,SRX2993590
0,-2.2562438715453674,-1.4816374743481993,-2.889447757588697,0.3972752904725909,0.2743367549177469,-0.6716120453902815,12.741420546629731,-62.943380786705504,-62.13734116298773,-0.5419976050971287,-54.744378163786564,-53.52752756263527,-4.150789863317189,9.861643667942918,5.077062516287405,-6.256721754061554,-56.046375467219676,-62.27139540972241,-54.888466057547326,-53.61024750479406,-54.63060762320399,-60.12161477341742,5.622984534479228,-10.712527730506158,-0.051012952686286604,-54.6844512249343,-1.1337983513304912,2.9237759740416873,-2.6991237757778457,-0.22465219826384777,-63.68469526012758,-71.06115029039337,-72.01408762659781,5.182385874384768,-61.62092108609805,-61.66966860112779,-65.76946646220318,-55.86400818177798,-58.06130394571275,-3.51961824110174,8.039696830373028,-64.50684400976408,-62.17059858486652,-49.08358894028799,-59.61136423068184,7.332669989303379,6.830662524822095,-72.39406154066333,-2.1700328366737773,-52.22663742490502,-63.84116654378955,-69.34709340927594,-10.855495109118685,-7.502408197934537,-11.142627561541277,-68.57899075931074,-67.6681791575988,-72.93163160534016,-5.010611112703646,-4.308532144661157,-6.5688100071147915,-7.1819388109626585,-5.906463656869168,0.05741843824439551,1.1857218568723358,1.7653767740834934,-0.24571721276110534,-1.1080998387858472,1.3538170515469525,1.0203329734435012,-1.0203329734435012,0.35848791715149614,-0.4847979785836159,0.12631006143212162,11.443206558313824,12.032085398735775,12.753537961796512,1.5785538650431297,-0.38431444613934984,-1.1942394189037797,-1.2033588643847422,-8.523436478491263,-2.449204447873312,-7.211302190351789,-8.091709969546267,-1.7995526377834195,-9.238508809365287,-6.3172941139281855,-7.279877127149704,-13.591756144535193,-3.087059317749489,-4.799345964052042,-14.035512690216908,1.65088311087874,-2.860314216615275,1.209431105736536,-4.036074338339792,-15.86748531523124,6.122911570438223,-5.525993001996347,0.12455559775385902,-2.5529798553758334,1.2192075279726675,-1.2192075279726673,-3.5056040913946984,-4.037491939482618,-5.753260023496011,-6.448907737537841,17.76557916254111,7.906965963645664,2.8217496788647964,-2.8217496788647956,-0.4908779365286421,0.49087793652864214,-0.013208701922686144,0.710700014775366,1.0600377951691924,-0.7090820713730436,6.0171466458025025,6.3466307161890985,5.895884197681367,-9.45707764582526,-10.364472936788209,-11.043384828026682,-2.6056427175610155,3.0160917000138063,-2.4321745462772606,-15.479307089702496,-16.11287003078873,-18.296230056722102,-2.1133834178596986,4.381578442490298,2.7245613851590895,-9.247002820623042,-12.324279855426974,-12.298422516751565,2.091881388281727,-5.847089078315022,3.7552076900332985,-16.99627000943768,-20.807261216915943,-19.140155339563794,-4.808694704057985,1.2722069452685,-3.71004060279206,-3.892767164306286,0.8975084081230976,-3.094161872942257,-3.5234150244194153,-0.9944774992928871,-4.989691372402974,0.2836306490923872,0.7758742482344316,2.2522878277119633,-0.7162534890391083,3.8262881643831257,-6.447853919673956,-1.555837594360886,-0.9465569680158705,-2.844698650095097,-6.111030874509849,-0.4649751540948111,-5.6343972660662915,0.20785348323217015,-0.20785348323217137,-1.9298700210070068,1.929870021007007,-3.0368091075893786,-2.943015579372987,-1.9828449527970176,-0.22918048124984233,2.2120254340468612,-2.4211377297759955,-2.6525138766050196,3.0514123541127933,5.566891709714813,-5.566891709714813,38.767521575491294,34.595715803853054,34.73849628814418
1,3.2056024001431176,2.5503017485872275,2.181764343547037,1.0085210169580916,-0.6926113609930732,-0.31590965596499493,-0.8179140597994509,-43.89958001279312,-40.9786467147359,1.9967937279583965,-39.84484236814048,-43.83121696631407,4.629425892523228,0.5246178484261401,-2.842585506736498,4.018101042988187,-43.37377060732695,-41.80935759534986,-41.37583658854821,-39.054131086672264,-37.874410261994036,-36.81398799561842,-3.1466498754191288,-5.01347792143769,-4.056267069171167,-38.068778616378665,-15.164541525414972,-3.1379795175413245,8.358849677290328,-5.220870159749004,-34.50859828458283,-36.19525818713598,-35.90384111823118,4.591043267038882,-43.60966185647332,-39.050470387847724,-30.40937294772384,-40.10118968860523,-47.34331359410547,-10.321546027408365,-11.357704202159498,-46.03657103547146,-47.10945731409632,-46.85501298461091,-36.05207881395761,4.18907053477129,1.3501148245164556,-34.952215547741794,-1.7291959596474882,-34.071118748845436,-29.62752425125612,-32.0542787642642,-1.6415260974183088,-2.2865154201694207,-7.494508382987172,-41.20178825107652,-39.40931042843554,-41.7159649531711,6.700363154996151,6.22562032314773,-29.574787794307255,-35.44129543085373,-36.579945085802485,-2.460322887449134,-2.10599852990825,-1.5977171670563113,-0.3236512611277294,0.7502272716631988,-0.426576010535469,-0.29766347995651093,0.2976634799565118,-0.6931586468373518,1.5902232236823863,-0.8970645768450359,-33.08335264096491,-35.893594187583965,-35.04241908417724,1.0304797209784065,0.2823818503022928,-1.312861571280698,-0.7500325715484673,1.2734396023234185,0.148408527343394,-6.294606429699014,-6.278760845808148,-6.675481256462813,-8.380147646167076,-5.9460974242228595,26.063093083573918,17.019554358041542,2.1300780496310323,-17.934387140919497,-9.587063563855184,-1.8193760618423889,1.2629775935502483,0.5563984682921411,4.512726687574503,-9.925675637188215,-2.712827873594283,-4.905396131322209,-10.185635378903775,-11.830960330552186,1.2986755974123252,-1.2986755974123259,-10.170312142440146,-10.628876510652047,-7.399879891776931,-8.555538095789336,-3.5127467707540796,-2.7948711475591703,-1.3355331857773496,1.3355331857773487,-0.5336307049577059,0.5336307049577064,-1.0708010224892754,1.2944063640415515,1.4782118412795127,-0.8228024091561933,-35.89548731252393,-32.06711130315075,-35.95195849655418,-32.50461911190565,-34.1367680377346,-34.663999761053084,-29.673482573960946,-25.25262090847416,-30.71271103780218,-33.05815949095749,-34.13722308706726,-34.66054197924404,-10.044181660282778,-8.098035888306775,-8.45252422547649,-18.264414753606708,-21.26225331004296,-19.845563086044937,-1.1293800794744933,-1.5987144842293382,2.7280945637038307,-20.29927665009568,-23.61008102168846,-21.431859454625126,4.15166333456797,2.6941653970485357,23.13049594165667,17.7194847416721,25.19127650406967,14.564092863217857,6.748472484114368,12.554575431382865,12.854366400846684,-1.9712897919324097,23.47250574646881,22.03028575574285,21.28631152724867,7.892369355038266,10.38980932095177,-0.7228756051161195,21.07182979266979,23.989446739261503,21.185218277068905,8.8501123585935,14.25089142110313,-0.42352978271927016,0.4235297827192713,-0.9125714104187621,0.91257141041876,9.196314499604911,6.489689980320918,-1.065334271110182,-1.0074172974304263,2.0727515685406073,-17.96175085999768,-18.658350772276286,-18.438638443514236,0.5976700505149628,-0.5976700505149615,4.732926973548831,4.3658993090114775,-0.22204362137484013
2,3.648835331201646,5.320860972787022,4.119271260463941,0.004767384646484639,-0.09359026740564014,0.0888228827591312,3.826734574204041,19.67699466866792,18.31391684973537,-4.851752252144322,18.230243065133667,21.5450467982327,-4.256364958851625,1.948900026589438,6.347503830422451,-11.226917673688845,19.860448042700792,17.179039261203574,18.45829244812943,11.580147241192531,58.290664705385424,48.41086799305529,-8.685085196654219,-20.6249991874274,-13.368566352578672,11.372337797957154,-14.871377990202049,-6.687180005462689,5.846342424185779,0.8408375812769134,10.587761065888309,5.855608237986018,3.5070528148360802,0.13657716184410593,17.270518012730655,8.985225033156645,1.8193863340598133,2.6921286708207828,10.85426515172221,-18.575449061218492,-3.0302226990736316,12.62206462553974,12.9951632298829,11.442898479040633,-1.0994092973270193,12.230952999834672,3.564016267674256,42.3793716610114,-13.50282283904388,9.133496230522852,31.78768211634357,39.62440524506993,-7.984273438585855,-2.632143387192443,-18.751635966439075,0.5315675584678885,3.6028874453775366,5.553077832404821,-0.5235565843831188,4.9285051614235105,-6.195489997928002,-3.737516895901744,-3.072027066083819,0.12364290684267422,0.4159747696864475,0.1732739955948728,0.0330272800400338,-0.06707016341367497,0.03404288337364338,-1.0626894226370296,1.0626894226370298,-0.11712617034626234,1.1142304428981786,-0.9971042725519146,1.901702928082699,-1.0784988764466592,1.7600770323514958,-0.07099734208149523,-0.964682190480771,1.0356795325622692,-1.758050674671716,-3.8824078586233632,-1.7996191330592424,-0.866689780193102,0.12411137518406694,-1.4734411373999265,-0.5763862012431412,-1.5972321073876707,-14.693474665534964,-12.130991822863708,-11.458212232147277,-13.172725853743152,-21.356420394533203,2.770855776436145,-0.4406063410034121,-2.3302494354327323,-11.761213371265603,-26.08441291342737,3.026950891719541,-3.5560047274814024,18.61131749752635,17.446998062840706,0.9193930847635603,-0.9193930847635605,17.038633474838495,16.715935427601266,3.4462924911626605,2.3090699334065325,24.706978265235954,17.248788161344525,1.9668337666519822,-1.9668337666519802,-0.1522594207667499,0.15225942076674948,1.131876559855224,-0.9707818903768117,-0.5310967600716782,0.34014278699276007,0.3980737061385463,6.238075933431772,5.580570070271675,-3.575007572569274,-3.5993994493631294,-4.1232886163720055,-5.09354644896221,-0.5826747311423525,-5.3941945479646005,-6.320589069913004,-5.5247810893649705,-7.536837263305299,0.31917181880043555,7.974806349390637,1.2227197530358225,-4.515463502916179,-4.7616344580802945,-5.929926988092661,-0.8160994537395468,0.6971959863836319,0.11890346735590686,-8.620684010607823,-8.843059508788288,-9.408821299256537,5.153779654200863,-1.27957927696161,0.5310272745098887,3.5588127256594113,1.1450836276009266,2.643570468998874,3.202772109905179,-6.801728444376433,-0.8616514154711881,0.2137013703760428,0.6987055534798523,0.6211008492086313,1.9363323569953224,1.5901999144797756,6.427797156385044,1.065877906585565,2.06802465196834,-4.456226510680426,4.321686127413961,-5.867531158886056,0.3841953737212457,0.18422710965846373,-0.18422710965846406,-0.08534542829877814,0.08534542829877821,-1.9195589043175416,1.4207232344130412,-1.1888247217600572,0.5983420559089968,0.5904826658510611,-4.488125700801703,-4.342853938777812,-1.2666819533241567,-1.561894419066105,1.5618944190661042,-16.967670806115613,-7.787973995147803,-4.220490831285684
3,-0.9356031801277873,0.004134188017556527,-0.15542204194320822,-0.3890032918202865,-0.21122613660726042,0.6002294284274879,2.2770969777115817,11.325598724145049,9.408021397025657,3.012361796157888,9.072293160268893,11.512635722045411,-59.36002070778571,1.9150571249734765,4.172285857236737,-59.55647651959668,10.242801565593528,11.038953208786213,11.369052378109762,-61.608279074239846,-74.3634428059386,-73.37531641217639,-61.31463100122173,-59.27013103888384,-59.778106153367006,6.602917929680801,-2.18234963110756,-2.347040821091389,0.6518385458339891,1.6952022752574036,6.53296662741273,6.32936950208849,5.27024209948116,2.154986514968521,-61.299254219680336,2.4899347464701016,1.2515644031549882,4.528174709551182,6.479571620429958,-0.5632380824021281,0.5496570629040586,8.57325506002414,8.485457872306657,6.178473819568714,3.8364665768707975,4.241420414016595,3.1343747342129613,-72.52062220152754,-59.71248416667086,7.605885365734894,-70.29276825889579,-72.08184518687341,-1.1081692392511706,1.9662286950249035,-2.2715432212806586,2.391606566521565,4.377870308127015,5.228189473234968,0.29636418781184565,3.3900547379182044,-1.336271594902223,-1.7340714599805054,-1.7277338977490913,0.6649683588466122,0.31769237547223494,-0.01770889632398864,-0.029876779328113744,0.15103604548821237,-0.12115926616009531,-0.22445413665106947,0.22445413665106873,-0.04805385381142679,0.2226212091012022,-0.17456735528977216,1.443214323926616,1.6441398900984803,2.0233549738889023,0.27042999970190995,-0.5802048518207262,0.3097748521188162,-0.5261497561087245,-0.32146333969055335,-0.8455527227888133,-4.641267688651375,-4.401883067905312,-3.5667851603143803,-3.3991153118247075,-5.075012351974004,-0.1633364610749912,-1.8609857863547241,-0.4761196385666308,-4.27932891742571,-6.147172467888905,-0.09546355039417279,-0.6904749216411061,0.785938472035279,-0.7522161968165988,-3.596681228841795,0.1478065921375779,-0.3562067403601043,-2.6233497631114693,-2.881490717147171,-0.005899774164024959,0.005899774164025189,-2.536530847281534,-2.924268804261958,0.7971559465633616,0.495337028891024,-0.34778717525402014,-0.7883631148775517,-0.7941028890310872,0.7941028890310874,-0.30912876291083136,0.3091287629108313,-0.2937068367973086,-0.9772063376317668,-0.6491258726434412,-0.23822736735135538,-2.504489429670952,-2.407647043314096,-2.022992334958838,-6.125393824502362,-6.407857005959117,-7.188124926990985,-3.330754698373879,-3.1570288263711888,-2.9087301577431166,-5.3070979596933,-5.360785497764019,-6.358615463261451,-0.5405947177486095,0.46417391624855464,0.2647160459576381,-3.348530211043156,-3.2770365447334946,-3.8454711295314064,0.23430426042932884,-0.8888930246471591,0.6545887642178293,-2.817566216569678,-3.1386574886907086,-2.6660400034497296,-0.319478465574885,0.643123293089361,0.4660482151438032,0.4428030638821391,-1.0962744337386128,1.1392536095031673,-0.7934588402775572,2.46837600066379,1.3931920477251654,0.40540502030700615,0.27045716053634783,1.0806127406331896,0.7054668323711385,0.4808422277952811,0.6330164604830395,-1.0485283133963685,0.07345715445463301,-0.20955071401685468,0.6838259274886598,0.8099146992470365,1.1516885427459724,0.09800761625248146,-0.09800761625248229,-0.04925100473875085,0.049251004738752296,0.5359042940140403,0.34821161501937453,0.5859240583138071,-0.1300052645831393,-0.4559187937306683,-1.0923988026368385,-0.4784192015787957,-1.630879543894156,-0.04787179034373004,0.04787179034372716,0.5745740260999341,-0.7142105304218666,2.6490888685816696
4,-3.542401080307931,-2.6799065919190883,-2.1645615239170075,0.4697442096614611,-1.1692697555150378,0.6995255458535279,4.131853113284112,40.02542939394126,38.48906525430816,2.9435833024843663,37.89548336812925,39.15563433663339,25.741731199490154,3.889930176724656,5.5184605709899195,17.602995616258816,35.98706201179324,36.906771705351844,38.47613736723305,32.01662432988293,34.798807758667614,29.86774550001709,29.011491704028376,13.42580408988896,19.052795992641112,30.180818215834837,18.564672043047246,0.009723283757753212,-0.22988105692926403,0.22015777317151414,30.856484150238067,31.9733411645666,30.860945504267125,2.5662897453247115,31.901012709358,26.858803414241606,26.856950022033356,37.11898212165523,37.05229959578203,15.747033092545006,23.419951352473067,39.094920752568584,38.642104714650735,35.50412096728487,33.34393100183982,2.521766099598973,6.627545158514384,27.702662609064944,19.96751176046385,29.53963779387698,23.17144761885719,25.219865103596902,16.944586942462685,21.712747313301033,17.641800585519555,32.04753297072607,31.85343154224058,33.46436717031969,3.203716886479702,4.91219554034492,-37.70371205069539,-38.9253758122209,-39.23575376912829,-7.897461107869234,-6.515498145524775,-7.469769036653572,-1.1681542484063858,2.0306234060470043,-0.8624691576406172,0.9254964560690166,-0.9254964560690156,-0.31389439146156756,1.546360231595412,-1.2324658401338482,-1.7705043862413448,-8.430555723203367,-5.320423864807249,-0.09407310644319747,-0.9889582377995757,1.0830313442427728,-1.8283796475323906,-5.380975670797721,-1.2119145084411118,-24.014908372523013,-23.34346576107678,-26.639047358004035,-27.172486036788715,-22.61679716893442,-21.793423823007092,-22.2141329608346,-26.446629270481054,-29.386174510155687,-33.286805972658165,2.6623896060075425,-1.4934437823919415,-1.168945823615598,-28.61157443566398,-31.32198203155076,-3.6067576659873737,1.9880599065727345,59.26582632010149,55.62334088094099,-0.7392666394836191,0.7392666394836194,58.37110440560743,55.33186345298175,5.489375096466514,5.288398930852778,63.328378900414265,60.419391905121856,2.324188530618084,-2.324188530618083,-0.6332486004689263,0.6332486004689268,0.7320518428395953,-0.20615556406858332,-0.3242593942099429,-0.8995668593043042,-30.637199402225164,-26.65880286186505,-27.15200266030363,-57.42312820640876,-59.20353501383471,-59.47763532399182,-16.33905380252821,-20.000741813337935,-18.586182301234103,-56.09362914938636,-58.175199396323386,-59.472475174205556,-8.829636424435947,-5.869718350810083,2.727714933487062,-47.05590179608401,-50.47504790141809,-49.39367945756524,0.8209983912388884,4.217350833440309,-5.0383492246792,-46.85660956079024,-49.50322654370263,-49.83137957332977,6.947696764198555,2.1947121815513246,15.861110750007073,5.830648320674501,23.215117670248627,12.402838205292774,4.9334797278551665,-0.795167068612368,2.6087825542920844,-1.0096784987876541,17.40945472375346,18.456037493148774,19.86330187309279,5.9952777312443315,7.181991765644275,-1.1850336827636712,5.203677816969364,12.244685442050246,11.241651070884227,1.325400302842973,1.9267596569690815,0.5862383977324707,-0.5862383977324713,0.25256440440088385,-0.25256440440088473,5.970507201773042,3.076042161568556,0.39809245733048343,0.23285355173022368,-0.6309460090607051,-28.222685251713482,-27.910939651422467,-28.665137904952108,-1.2057208183335824,1.2057208183335852,-23.566870294835507,-17.11485099851312,-11.746393199604793
5,-0.9635318679992659,0.6894954361141922,0.7450898882241819,-0.9210124934458096,0.9578615292447901,-0.03684903579898333,3.072997834835607,39.36393107155439,37.91276338991689,-0.34683279330074107,35.55403765072328,38.76636493598312,-3.3585150384899674,2.876163448722879,0.3316890997363893,-4.395040520030158,37.84376730071018,36.67799839102046,38.835911332721004,26.89382347568931,33.85236484575482,31.319252441775596,3.2904684748332715,6.607356698548225,6.626806853263169,30.28314982005306,11.587608248251586,8.961152200052531,-6.507475137390943,-2.453677062661594,28.66443913946763,25.499914202856502,24.8471285266512,-1.4171578503640598,31.08513840180037,29.75312389634122,22.131278554482552,30.08540828461237,33.25696403446377,9.55724425514037,1.246311959547477,36.66161201151126,36.01799697841984,32.553535834452276,28.704931950773926,-6.326505337135753,-2.1763790877974096,27.341035780972632,3.780283109705157,31.818401483223983,25.005019874733826,24.706641040858063,-2.6784806438997824,-3.4369989914510537,7.322935144187605,25.530411479400804,25.48098811168002,30.029998075544334,-8.685188560011529,-6.704828245377842,6.6978942276482725,7.7569591352322185,7.202107056854504,-0.4742104768755363,-0.6211125716847818,-1.888594738714816,-0.050421225366542616,0.7912345978614185,-0.740813372494875,0.08737642856816245,-0.08737642856816213,0.7303577548735896,-1.8256198469941776,1.0952620921205902,18.96455976707863,21.89439853286387,19.52309633168318,0.33503163875612685,-1.7112464731139239,1.3762148343577951,-1.9710629916644995,-5.838127077070992,-3.028413101076662,-11.101550902827714,-10.362880309305222,-6.0168778969404615,-6.640871559304674,-9.444998729353209,-21.764660783497984,-12.179337934615065,-7.487019651220593,-18.28630980000683,-24.084011089770726,0.6089097670025578,-0.6651726431074562,0.05626287610489816,-8.918287977822269,-26.887385916113995,-2.7493033323105607,-2.3497717452355364,-18.172750904047383,-15.269202494606882,-0.46852508400475446,0.46852508400475407,-15.551333671128509,-15.213146898465117,-11.764576824888268,-10.783484690779723,-29.875520719342934,-29.250210131042586,1.5776161700601414,-1.5776161700601392,0.592586083488062,-0.5925860834880613,-0.041935133560690015,-1.4944009713915207,0.7247439127095199,0.6609301778104524,-22.9463860018781,-26.74373569743021,-22.486469995411575,-18.640193980829984,-18.166344246060714,-18.59598689213338,-24.48693218751072,-29.89817342852557,-25.424765299094606,-22.612080553724322,-22.32657033415378,-22.007916794790763,3.541888340856297,-1.8968993211614043,0.6378041870124609,-3.450141755546016,-2.8917406149229636,-3.3215140199201185,-0.05786600527868454,0.30374676522739774,-0.24588075994871716,-2.8560924959417338,-4.008671877117598,-2.818548233555,2.5372050499065963,-0.7826444376037874,0.3943735028955098,3.3021162925736194,-1.521081740110093,1.758263304980496,3.3641478136172314,-2.4822008640357947,-4.168504286237672,1.1715126650416332,-3.9526519273593004,-5.297073899554646,3.4083590865332343,0.9850162688468521,6.478862694972474,-0.38886822743784577,1.792560338868406,2.0337664090665495,6.519748386461533,-2.377336049369824,7.676118703727272,0.22690955153012407,-0.22690955153012546,1.3311502142685618,-1.3311502142685605,-0.014427100058245679,4.537320605975688,1.997566181582748,-0.6865091419084078,-1.3110570396743406,-4.831812362267359,-4.485585797084357,-6.562954689720801,0.2740661181808335,-0.2740661181808328,-3.3083919246287916,-1.025105006144486,0.7419073761369218
6,-3.9926796777896154,-4.9809168879524695,-1.5777337708326686,0.9908715342447507,-0.9772608656438294,-0.013610668600905408,-10.862791976870197,-26.949773466896936,-27.440495470489317,23.626839154500264,-31.438375869948885,-37.36087641441956,8.398112057712531,-12.590254140973617,-2.9033051237489853,17.92529757837446,-38.58569379763687,-30.811842256215062,-36.286020038039446,-36.57300185790783,-29.482729598688543,-26.856879943721747,-0.961288723575177,-13.694670711318256,-11.310720517675977,-28.888376494725748,-30.820764615867603,-6.230655747802732,12.276149834004578,-6.045494086201838,-24.669234832610865,-5.749897980137514,-6.02264218335514,3.9481463410422974,-30.384246811902685,-28.25777297813311,-1.2318399929588246,-28.38141492680161,-34.45795316676394,-10.003400554171693,10.040081329247613,-24.86193756797466,-29.833736822462036,-41.314998429407886,-22.602357556299374,24.57368860526744,11.578283883449728,-11.704205701285293,10.830882659993414,-32.67230522193989,-27.011803130027914,-12.281199867422252,22.3695245439158,11.970872805310997,-4.641088170990063,-1.17234495405686,-16.58054310836531,-20.4908432979521,27.18820456091318,11.947429274599717,-4.223417308927393,-11.371110487069803,-12.199751252023903,-2.4650721695232,-2.607701305107662,-0.8738408702187794,-1.1372861983539309,1.6665818079714216,-0.5292956096174954,0.43714623275898407,-0.4371462327589836,1.6410544908143943,-1.3629966340009227,-0.27805785681347056,27.144611394710164,29.59644361998899,30.147872416755487,-0.45367524977322937,3.81114012129169,-3.3574648715184594,4.784668788831713,7.525540857306628,3.80223427007672,-9.557660185657241,-8.214406217712655,-7.9402416304743815,-10.217284405209254,-3.3620966739300364,36.7508049462383,44.35828901235218,20.732954752327117,2.3977701155256006,25.12443547552682,-4.302655381513421,2.8444905472333852,1.4581648342800395,22.155401991459403,24.83777285222056,-6.785024112800687,4.953150936908829,33.34957703995419,32.77585873201483,1.2189340090303664,-1.218934009030368,35.257118834973774,34.56756474077521,-8.157545503151391,-9.449361249886499,23.727669701898254,30.11266358888064,-1.9226697410728868,1.9226697410728881,0.10067706617033,-0.10067706617033054,-0.6675464110027647,0.059072024182992136,0.7080148669958227,0.5044554605123315,-2.6976208700877193,0.9998288973646215,-4.281195973991549,-27.588442915414884,-28.40548495187542,-26.847798663702036,-3.977805955833587,6.03601438896406,-4.554018705318914,-28.8773342196144,-28.90639134813049,-25.18657458683862,16.692569305234628,9.663405230053174,-11.664851094145058,-29.932771750153456,-26.70199800360453,-25.780205275285745,3.9835688434449,9.551146086380655,-13.534714929825546,-28.88999245944538,-30.202654193107577,-28.779178855051224,-2.1237037164181025,9.612299373425046,-0.05986543586650517,-9.775307731438986,5.8767776533966085,0.7158287467241542,3.151532360968243,-4.503735046752763,-3.5393285467221616,-5.591207084805774,-0.11246092170871799,4.417627069533051,1.0639756946713956,0.8401790752474386,-10.09006913983811,-4.021092288619273,-4.116106251440084,-5.625257155233807,-6.364983305372871,-0.7822958986149782,-5.333791289905184,-0.3435582993322868,0.343558299332287,-2.054197925249598,2.0541979252495977,6.13436075472474,1.3417133762030071,4.20399646563296,-3.19880563389472,-1.0051908317382365,4.188710624119644,2.1824523325845786,-1.127754476263594,1.375806942446651,-1.3758069424466506,-2.9358454396829385,-3.8720525201633977,-16.705864659157825
7,0.2595961029405284,1.0551508418987054,0.3318479181076113,0.9293324699275166,-0.31095658269367565,-0.6183758872338928,-1.014139329841796,9.667805660981033,8.767220598799547,4.620911232498434,7.115104836391683,2.921042497814966,8.540103366778236,-1.0033794610829023,-0.42343062940183634,12.158297548815533,4.507706693579667,7.173659587707706,1.8164702869589326,0.8374490184878226,8.006824158515652,6.9036272784970745,3.472496316514429,-6.9018631102554,-1.3430307515543307,2.105323322883156,-3.991744559481688,-5.529546087213982,3.3376497816137323,2.19189630560025,5.849614297342974,3.2860496484632677,1.3229863697652176,1.6235908045474747,0.20607887380648812,4.496439246513801,-2.8350912860754356,3.323518969753118,4.2197592149168,-1.5497293254711173,4.435971413178666,4.851675407535161,3.937071330068909,3.572359288870099,3.0169583508833204,7.54450549189119,5.432223952417448,7.241701591818765,6.923638534272747,-0.15639627883154977,0.599632314271465,5.103131885481871,10.849265953166155,6.509989277442602,-1.6001270111853345,3.196246366722176,2.516167097283604,4.4636122552662325,5.306619661244739,3.7891610919371046,29.30657005872185,31.016483971309125,33.06777062933552,6.300247732018457,7.571933218768557,6.719808352903356,-0.39557261147670963,-0.602029097151029,0.9976017086277398,0.24809315577261612,-0.24809315577261656,0.7560571731150536,-1.7046851876508098,0.9486280145357563,-6.449418474876131,-1.4856736271841424,-1.5278487312505582,0.3445487678387964,-0.3900562832083049,0.045507515369506625,1.4887869446301372,-2.8455003427335477,-0.345846162460361,-6.848439306585303,-5.834677012231136,-4.919370193902503,-2.891452705329202,-3.7224849801440176,6.075066005914036,13.222709594974958,16.59259027845237,15.95543078460194,18.07944587729414,1.6910420243563795,1.2132812183982453,-2.904323242754622,17.252751193968944,15.090984013270905,0.6542230815123804,2.9252345084792477,44.48170431491194,46.60953186196476,-0.2546700405426128,0.2546700405426137,46.562301133605246,46.0837827102856,12.993254300904436,13.355859390655375,37.89736330655699,39.131659099646896,-0.494924600307717,0.49492460030771723,2.162835555103696,-2.162835555103694,-0.7952242147255366,-3.190099617922909,-1.1333450250385129,0.7304317356268382,-20.495988355067652,-20.623016317707656,-19.270934336888434,-6.388463968040466,-6.769958780379358,-6.582499470991472,-15.15039391515648,-12.281782044987695,-13.873285264225435,-6.721602727087814,-5.227389299510175,-5.572592794593788,-2.5838063665987274,-1.8315116164978946,-1.9922675050887286,2.5276408064716698,8.97288812663445,6.808115521778898,0.8683685704615679,5.219379937092286,-6.087748507553852,13.490793311671165,13.931246982032953,16.340944178758072,-22.21054370310427,-2.467760610596129,-39.66847386448104,-34.69798579733727,-36.63302474320123,-28.02757467316984,-34.78017193460655,-23.578647892814903,-17.36450130762134,1.0185270419102768,-35.911067791068525,-36.01028632448829,-39.82210197105823,-29.071984757371574,-34.0402612662609,1.4492335686858484,-30.5477960022497,-42.49613234146903,-38.11995852347904,-24.68987690896657,-42.64464599312879,0.026385503709683057,-0.026385503709683244,-0.23131993228752434,0.2313199322875237,0.6313722091171649,-1.4802248096172443,3.05736856891738,-1.6119587790973808,-1.4454097898200025,-2.2525590092217955,-3.4241829993699446,-10.017080192891388,-1.5335106661554718,1.5335106661554727,-8.701747330351738,-4.245966869545478,-4.602459033181925
8,-1.146536833947991,-0.12441371707404071,1.2150082554510444,0.4618362701558676,-0.5412387635103536,0.07940249335450206,4.965777019917175,-23.947025612073947,-24.2997322424745,0.08352298848598737,-21.83801443273553,-18.877495433345715,-2.246666311310455,3.777860412654381,4.422060670899395,-0.715590212631352,-23.965019031974652,-26.762139278731578,-20.415133353383386,-23.262490703207867,-16.617157550800954,-22.30553132491867,4.469866914607096,-2.694968933426316,0.5838412171405735,-22.285397271123774,3.2018668038932834,2.3761491725052153,-2.9120318161150878,0.5358826436098699,-29.2884021691185,-32.59111983241968,-32.43839595531159,3.45734851301805,-29.037172405346155,-28.507584087687746,-30.716579301989338,-16.734386109482617,-21.137912518317254,-1.5568781734358281,5.1208671260448675,-22.306165848984378,-22.630995256997835,-17.41191330113609,-19.83282448347333,1.4146179284074187,2.7114793487693545,-29.928944442260605,-2.8024440007912306,-19.985662813273883,-26.889411849826097,-30.646125010603395,-1.693532878296393,-1.3016704278984628,-1.6034206981218844,-26.957309708863676,-28.124908765176027,-31.30693009862914,-2.0157997367109606,-2.031018045906105,-1.227099177509875,-2.4258552530121893,-2.216513766388222,0.6009717841762587,0.3144032775462703,-0.19224227507937447,-0.43987358257073567,0.3255561157718223,0.11431746679891512,0.5307164384978431,-0.5307164384978428,-0.6053522231952833,-0.628331777342052,1.2336840005373393,4.5905194258733,2.593623444982316,3.2688684636066,1.7786268591417531,-1.2016685733378245,-0.5769582858039284,-1.098916887879266,-9.92783959917567,-2.8794152847036343,3.8349209880510218,5.392630342968077,9.582388063917968,4.174129752279309,2.7157960099066645,-6.670615973773128,-11.183314309637879,-5.923455266746926,-1.429849231802057,-3.770569973298109,3.8816934994574,-4.15509384306742,0.2734003436100198,-8.052833546829888,-1.2976758562557849,-3.668657631318264,-2.8879595681876724,-12.832162506420293,-13.371157195134767,0.9084247924086779,-0.9084247924086783,-14.081940630849168,-14.398177228337937,-13.11889241605047,-12.797631322148252,-11.209678225760284,-14.580045991210863,4.592738756802,-4.592738756802002,-0.845606021473906,0.8456060214739048,1.7192214380363344,0.5533100782418745,1.8642839780668874,-0.6038655794624412,7.7355239890306216,4.797884975016114,5.445011716904599,-9.697241930707477,-10.905252871764684,-10.764120210606736,5.478189900096194,4.600015372868421,4.9481893673490704,-11.948356283725762,-12.978080058506578,-13.643101258216818,1.038477289520095,-2.4089204167482987,0.2808174373688174,-8.607050782147846,-13.399007954242801,-11.236684940195723,1.1247630217376814,-3.010749489636654,1.8859864678989684,-13.284922176898727,-15.319404936570125,-14.651752842695316,-1.854129755719091,0.30798935370781927,0.091813251460058,-0.7168409719305674,3.223304942030704,1.2179068506280135,-0.8597652890230344,-3.5506849983668243,-5.034618350888495,1.31476971590275,3.200225362182794,4.107016055417267,5.862378514023642,5.351813097886152,1.7947961961345151,-1.6227590696105645,1.68147417963654,2.1883699514024726,1.0875372694524905,3.0904182159801827,-0.5628118981051949,0.9116175719288109,-0.9116175719288115,-0.7519423094614488,0.7519423094614491,-1.0278601450231126,-1.4345980019450506,-1.824615486249218,2.130214864597578,-0.30559937834836143,4.7158988718264885,5.557134029559029,6.663285126657473,-6.202140806979595,6.2021408069796005,-74.74137280498367,-54.02082284553995,-45.15379067776711
9,-1.773161559457882,-0.9175854890984296,-0.22365384235878108,-0.25427289285578875,0.3204233058748791,-0.06615041301912183,6.94500392459561,-11.166256759829496,-12.02455246034448,-8.925823671954355,-12.494132287616077,-12.352894160499488,-4.701975401190716,1.5153769818523886,8.93904886859355,-8.006612417816694,-12.530480916095534,-13.890705926135071,-13.83500676616534,-17.43885356609123,-8.40769454948229,-11.870867250769923,-4.259767963596003,-12.804034427625918,-7.068676220225924,-11.300188780357962,-6.962754726544898,-5.496458088109526,-4.118611345525304,9.615069433634835,-13.314634053751805,-10.835305414356583,-10.840654504059799,-3.085507438623756,-17.785853770164607,-12.676003189281385,-10.571798437122089,-13.57923698790498,-15.427120380211118,-12.907738883772677,-3.1223692831655625,-11.369952137000713,-14.46286190568853,-14.340159806521179,-13.584698540652473,-2.608753711690276,-0.7973097089247577,-8.363524987099076,-11.432988770309434,-12.69613598458509,-13.338599828499504,-9.76260906941777,-6.817206636019576,-3.915204844660469,-10.740318899285738,-10.633276832085375,-10.13820647754266,-14.093493174269783,-5.260075663711296,-3.1950423720692367,-3.3128911385856386,-2.339605625620113,-1.848709272811969,-0.13342784577400132,0.041177453460113755,-0.0890205341418029,-0.48976847060821443,0.563285623788718,-0.07351715318050395,-0.6983581581850017,0.6983581581850012,0.08402785237066851,0.6093822560551665,-0.6934101084258377,3.8557997438578315,1.1762431448200945,0.577651847718709,-0.6877523288168278,0.7600752599963854,-0.07232293117955742,-3.155354099323472,-9.698629914086323,-5.533749136111112,-56.65150920061429,-58.159536807233465,-52.81771528053193,-53.15352442097337,-57.90275972513123,-2.37762651405023,-0.27147342839502026,2.6264548347700907,8.037475629832002,3.311635260402335,2.234071618757427,-1.0573408947180625,-1.1767307240393685,2.0011896235492457,4.888851118614499,-1.1236161886306544,3.4273709660482052,3.3042837706987562,2.9317147403051433,0.014621373148577416,-0.014621373148576963,3.598935714722941,1.8482286698035506,6.4752254859662495,6.541396123011608,4.619597997680806,1.4475901614479272,-0.4714211185743874,0.4714211185743853,0.21051512987389415,-0.21051512987389415,0.5024024252854613,-0.9723546577033083,-1.1872984360664156,-0.5867146510271751,-3.5800617029148873,-6.02194344547643,-3.5108048811915347,-5.785604007714403,-5.577481117139603,-5.494298747866228,-0.5349486040655749,-3.6557073385346395,-1.9936754056048904,3.180760793147643,3.3494918517908587,1.884606057424049,-5.729494389646217,-3.311306870504855,4.995279998176265,-5.363334661152681,-5.280135426193084,-6.187329568880646,-0.6801761886100433,-2.2714391825919193,2.951615371201967,-1.0087414275802846,-0.1671307294672486,-1.5046856006487515,-1.288428201912256,0.6444507663104573,2.181394116383608,-1.2238219064919573,3.5665081821105615,0.44426715828081803,-1.0163283629746487,2.119586827212336,-1.6536360570053057,-0.05037167106727983,2.02762607234705,4.240842895941149,4.023828212176599,0.6412418391008269,-1.6967950600416615,-0.594079095243175,-0.897737237641495,0.5191323991054206,-0.6064618547205728,-2.7572390253260526,-0.4744524249798844,0.09604673697348302,-0.09604673697348193,0.7422053296877382,-0.7422053296877397,5.488461031662878,6.664985725200011,1.369409101582138,-0.5855179193799502,-0.7838911822021863,7.151474147007073,6.961439890408314,6.01689692786471,-0.31869624955480136,0.31869624955480236,-9.647295594640122,-8.460126013715985,-2.883654065862351
10,1.2346283982761732,3.1536288637497476,0.570658535221749,0.04712114411199988,0.024469149523734923,-0.07159029363575843,2.6674369212249176,-20.600299228709023,-20.676975965530136,5.885346495765223,-20.19764660088351,-15.81904477625184,10.440297382210154,2.2415087738136625,-3.3095962571746855,0.9877629428631505,-17.434261340794976,-19.227149989147826,-14.958306559373595,-19.916920120195847,-11.137745923478601,-13.094717730386904,5.037334700643291,-15.650557294222727,-4.132725505137343,-16.962702400292496,-11.79337264817766,-5.377120541149331,8.716820409393739,-3.339699868244399,-23.403423766401946,-25.67914981180768,-26.512319851837542,3.414620635442315,-17.627549389637167,-24.697424853079625,-27.27387439014051,-24.5901569149581,-20.51428784555425,-1.4491207161197683,7.693777493414497,-20.64760895170535,-17.61553125822594,-14.638998901648058,-26.818793950790287,21.67932102553639,3.323001484787612,-17.482854593233412,11.916027437113382,-14.263798682977045,-17.178945504340515,-17.297015822362116,0.2989217959892981,7.96383292684348,-8.705469312521648,-27.042884567172194,-24.219104302460273,-23.823570898679918,-1.5414222717110857,4.192633068752897,37.493809284734866,44.567741671529824,47.41984411153122,1.0789609961539455,3.40564045553168,2.9919718977517693,0.09908340581641363,-0.4119128742826818,0.31282946846626647,0.2714274238342951,-0.27142742383429597,0.9637522421548169,-0.8867320982353364,-0.07702014391948009,-0.08989852843217458,5.858368196187298,8.432766759015474,0.11072227309861883,0.7453113956758708,-0.8560336687744895,-2.0768093596931054,-7.910604873659276,-3.1326775669479137,-14.014019499143098,-12.475180056820998,-9.53871458442382,-11.30894939112288,-7.8456684746929515,-18.421111316963497,-1.1946586773487382,16.00225612089214,6.566810501472739,2.1362110636515026,-0.8788934315176361,4.02516321637719,-3.1462697848595576,18.47815213611327,-17.268020722199342,9.843659840707097,-3.6047244110727457,84.37623286798966,86.75348932138918,1.6912034098201816,-1.6912034098201802,92.85195774217021,91.70119938676487,-2.1481688273584374,-1.4837083188726214,61.99006795323702,65.99074251572007,1.5427681745164639,-1.5427681745164623,2.4413294985046092,-2.4413294985046097,-1.545275684368824,-4.351266766132391,-2.606023710840475,-1.3610210437803145,-29.610819291316457,-9.113401253708082,-6.490600021570958,6.512115702662983,7.876974666070094,9.741626562735975,-19.028332665694236,-4.025046579310393,-18.862276462006506,8.961042934688434,12.530060282471265,15.371874319642798,-2.8533176998647907,8.411265684030129,-6.437848020872272,-3.038346243327285,6.985239861395766,5.189903102827325,-2.5378938797533577,11.356324975109931,-8.818431095356566,14.40824200067719,14.52480132651516,18.177837189723977,-1.3221978051486851,1.644038979226645,-6.334314053024084,-6.171702035768443,-2.9474266224667383,-5.994887562245915,-1.6409808185242418,-11.558176137120716,-10.20119815214165,-2.3480975376253195,-7.633442471629967,-8.341095456233493,-4.847127642717093,-0.67343221202334,0.7960751886896369,0.7040585583986743,-3.13185866812157,-5.607069485002977,0.11831883276179661,-8.402096791121284,-1.9178893412430267,0.1521626887135673,-0.15216268871356667,-2.0795129072345877,2.079512907234589,-10.464715902402805,-9.18296418910684,0.2883503671673924,-1.2983245496719997,1.0099741825046111,-18.87282649543951,-21.46725995691317,-20.01989041378871,-0.15132199734073543,0.1513219973407368,-8.97485513036723,4.221907367152389,3.8392702293701877
11,-3.2351306575485377,-5.81195759747065,-5.100058310107908,-1.635187711723067,1.6885364221261399,-0.053348710403055326,-2.751902753527381,26.40907720834096,25.002543292520773,-0.05115642457382369,21.40057213057521,27.51684566608662,9.101938501950677,-3.228026456028798,-2.7704529899646078,10.749867979667604,24.041968162706326,23.863721552961756,27.61945151443855,19.263746684605305,27.443776795540874,25.517053303778116,2.4064037648653165,5.577406146464313,4.573359251974315,18.07365022511558,8.08291633483363,-1.4124590973627458,0.11824358264329944,1.294215514719446,16.008456515284426,16.862246662438295,17.11567075291484,-0.7263247596955833,24.50728305571235,15.79843756057749,13.10829894705551,26.881920886454672,28.253667172804807,8.023082966424838,6.381001843590024,29.253095337744952,30.279337035550903,29.26844346985094,24.63297577188159,-2.0336305645012684,-1.6420845693768102,23.890629031934655,5.210522054788601,20.018402787186787,19.32990652677552,22.916108465581928,6.3054580196883965,10.303928489138084,7.67495024538685,18.064700260215254,22.932085943230874,23.339234445081978,3.1344073645872856,1.3939301585085067,9.021490117431718,10.752100106036359,12.038861825729304,-2.1510654587380547,-0.6686265848862815,-1.4410467840034555,0.2243616821619567,0.6492797085608101,-0.8736413907227667,0.5349666597869334,-0.534966659786932,-0.3138726009310984,0.32184969634090843,-0.00797709540980813,-2.0183810265218414,-5.122835158733381,-2.74514030842223,0.36406711814710213,-0.6284224561626006,0.26435533801549643,-0.2125804570634251,-0.34804996082336603,1.473955890520812,38.924327792721876,37.19170129084705,36.613970032605714,41.773363349039535,39.34698455638039,-26.00330269223119,-27.12602727581187,-22.313538589752767,3.568291633592994,2.4359914349345666,0.9118489229691178,-0.8126198816812704,-0.09922904128784349,-23.7956301316754,1.6956606910398144,-1.21066666708,0.7653924589430559,22.466182915556992,18.911460947083164,-0.39415504860901057,0.39415504860901024,24.822998967846107,24.15045686440033,-1.3894653128615917,-0.07408913259079342,7.861197932526417,9.430858194987326,2.1526241549226963,-2.1526241549226977,-0.2807167550901658,0.28071675509016525,1.4643703079123644,1.752871624546586,0.44197010467633935,1.2299944482678558,-14.880959680286901,-12.871178844543588,-11.135553612280036,40.68291900197137,42.720394184850704,48.95902562554962,-3.0252522000661175,-4.9550094829453775,-2.2963230931684815,70.09815419434439,70.82295967145875,73.01694368697036,-7.94683146641561,-8.962932999077355,-4.330178020384547,32.91753274127058,37.11070445704076,40.93503470251882,-1.138432004225379,3.010635114104805,-1.8722031098794245,57.13368544404575,62.89517359107629,58.71064871549814,-2.413525317853201,-1.550142783354974,-3.2683477259146745,-3.0325830277330046,-1.307671516686166,-3.400753749863849,-3.0648570824018337,-5.413821758324161,-3.4696944161966097,0.8554779589207656,-1.452288369676097,-2.515418662067973,-1.1502231981078193,-0.915081551525699,-0.07067303773699063,0.6946648244341964,-3.675070274827566,-1.0832944519893848,-0.5079118372358524,-0.6962130885404421,-2.9602792473439776,0.329375347005467,-0.3293753470054665,0.005176294072143393,-0.005176294072141715,13.39128412552197,9.52259851780072,-0.4499550314675625,1.6606245133365254,-1.2106694818689625,67.73327814631926,69.21179123822039,67.84422023779656,-0.5778929633082577,0.5778929633082568,-24.02192414286313,-14.59677364890178,-14.608448005225762
12,3.0704481653539175,1.6440436822346651,-1.3859800148536505,-1.3361218862002433,0.8934114364237583,0.4427104497764746,-5.301386830168305,-53.01699479726715,-50.58231843930655,-6.525592778134024,-41.92186407488943,-44.99266949859496,2.5247078209218023,-2.762696690608927,-6.471087595459807,-8.021550633495004,-44.19960082142345,-41.44480790674822,-39.222456650350765,-21.119985630542715,-52.650671159986686,-43.513095096973764,-6.909171492713788,-7.434717994930426,-4.797296880087163,-32.1754468765691,-6.014003140838046,-4.487882615714801,7.010320314036397,-2.5224376983216006,-36.74498604418354,-40.97640004767395,-42.180791854261834,-2.147407182423639,-42.714094761714065,-36.38941722839353,-31.96305991792358,-42.3898555874483,-37.80688460195803,-6.863781126972761,-2.4745136343970633,-55.058144021404075,-43.2415894290455,-34.1208171241891,-48.76828325430045,5.35802891397555,-5.323065716672541,-51.1416391509375,-3.1796951009957097,-34.64771182147273,-27.63405655664748,-41.228987864821235,-4.041235921488926,1.7668004421055858,-3.061783114455244,-40.897248224197156,-34.87136859383988,-42.87576519872694,0.1649292042513111,2.131518515236449,6.939009744524031,13.68300356321231,13.956530164263745,-2.0699618875574277,0.40805190281013104,-0.683997564055263,1.0986094819620225,-1.53684568279135,0.4382362008293312,-0.9007300466252987,0.9007300466252975,-1.2392111957293808,1.3113054748291588,-0.07209427909977674,-16.779270936786,-20.581963972407724,-17.352297315250283,0.05146446094370699,2.1405542334837793,-2.1920186944274866,-0.58872261649609,-0.653661783290154,-1.2102157434984322,-45.18027083110396,-45.4719343086438,-47.38411562195442,-46.16596476779324,-51.16106138553546,-0.7675158397050045,-12.624793909877482,-0.9015605347410203,-11.400911739303892,-21.21521037881156,-2.4235588507894734,1.586132547581766,0.8374263032077063,0.9941500722043795,-31.739552781403166,9.398466241054324,-5.372246154705205,25.776290520996685,23.516195859881336,0.2951340076272138,-0.2951340076272147,23.31731273376096,23.30926425932926,-12.452360437513052,-12.113208751278435,21.94109566779273,27.31704135740355,-1.2433933699950737,1.2433933699950728,-0.01688168582607065,0.01688168582607075,2.1335762979235744,2.0489695590982913,1.6331367694823655,2.986912244479666,-19.935862882306793,2.070980069183712,-2.7999847964190856,-93.87076823371667,-93.11427736830248,-92.04292781958128,-25.127949145087317,-12.281193410443278,-22.75798137003593,-82.72497742647029,-82.15928540320795,-80.79285324831223,-6.773070958542069,0.762337951050665,-5.311052222357137,-96.39511816301477,-93.99879686700838,-93.09830478080649,-2.4907875416496403,-1.3309700406523866,3.821757582302017,-87.77837039433784,-85.9844406715908,-87.81712965553287,-2.7856467024153817,6.524389975498493,3.2812244387625724,-7.7757855109193725,7.823464027917531,0.8284781309569048,2.569571938845807,-1.0846766475661926,-0.5147096974602029,-4.19388082010298,11.442286953283434,19.602214153677632,3.591352886012374,5.819517071024765,-9.392392236027842,-2.330509155395508,-4.146597234132548,-1.391845374993936,-4.146627379733594,-4.72050862895056,-5.853323033063241,0.13410587917878858,-0.1341058791787896,-2.4747963883192114,2.4747963883192132,-1.9723639910708664,-5.171908920723997,-4.132202513758457,0.9688066144102905,3.163395899348172,1.0203865141255057,1.2257091772387556,9.635239805878312,2.794110124595672,-2.794110124595673,11.536945379017268,15.78404786259766,25.046124850106445
13,-0.6217193630274194,-1.7587558735876683,-2.9023634854099565,-0.32473756253830344,-0.5481799495288393,0.8729175120671202,7.844177971240174,-21.557429992430944,-21.578036421834152,-24.74401816423134,-19.398530319519978,-17.77150349657325,-21.44463863985041,3.5356136143453205,12.185891225932716,-23.5939922882531,-16.060223435955013,-19.572517795407638,-18.77294142325288,-17.71739492788184,-9.776100757619547,-12.760233219731058,-7.56264206409257,-6.536515881702738,-10.125639597881053,-12.389836190627257,-6.164704396748197,-4.10912651589163,-14.773529674059976,18.8826561899516,-16.271114057359522,-19.58986080685756,-18.010986948866876,-11.111334715335039,-18.35860462588244,-10.852930478232153,-13.361801307382182,-18.50635180358722,-19.499743665611117,-19.764065769222352,-17.40884398450983,-20.331524826559054,-21.6525700952639,-17.42673746645316,-18.17175435973633,-22.229253942418172,-9.841911535097186,-12.09532617749462,-22.815487184410184,-13.217763781588577,-8.901534132985406,-12.520688026053577,-19.9610247097968,-26.009943763200937,-18.141968982442588,-17.556805640322782,-17.778560641525647,-19.048379177312917,-19.840143739693577,-18.56540172228411,2.372729114320059,5.627452835359623,6.133891480107407,0.7400724326948578,0.7623873375752314,0.5906337005698663,-0.4555616644509826,-0.31884376373061474,0.774405428181597,0.176673966235545,-0.17667396623554502,-0.2326251865158287,0.7431851260186491,-0.5105599395028233,11.694148582029456,8.709277176064012,7.528413602954235,-1.1595950530745902,0.14294161257081703,1.0166534405037728,-0.16960507729183852,6.124316319262067,1.7167407571701632,12.961024663684556,11.610975931531936,7.9899740145858225,12.234983582314229,11.501398788350011,0.4142257828566595,0.9447329378945638,5.451880849673682,12.08292515271804,10.588671710744416,0.3494998347939296,-2.1478468746812918,1.7983470398873624,5.041862283785506,11.756164373585285,-1.3948920391564863,3.5701006346738073,32.48611848711978,32.613049212288246,-1.28539168490243,1.285391684902429,28.71309421966513,29.05153740480725,8.621173518617855,9.49626157045696,35.918963771990256,29.55833800153297,-0.5872443628119115,0.5872443628119088,0.03948036382068274,-0.03948036382068226,0.8333606640712,-0.5408034767109263,0.1250244924333191,0.7687910641669237,2.8369222674901686,0.7588556503810459,2.383077368389187,-8.240855108037364,-8.31304038140402,-8.878563623874662,-1.556764178966308,-6.183923814942037,-2.0839687752377283,-9.06531888292408,-9.552597742929658,-9.817973713447161,-0.2695792412794182,0.1156512319827116,11.634202928187685,-1.4921668878521066,-1.6267203341602396,-1.3291348620034986,0.335940655171852,3.2234936067073594,-3.5594342618792103,-0.7598974280342522,-1.3672973985767412,-1.3225992200266705,-2.8090892981306923,-0.72555534000269,0.0295759443677501,-0.5398030098714208,0.4826340907160313,-2.1154712776670603,-2.505272186598231,3.7491268715521553,1.2655754288735748,0.49591291710555824,0.3776493898199626,0.44602214493028614,0.3135897800111177,-2.173410641650069,-2.6316369011845064,0.22964242289712988,-1.117173985031059,0.463912494688181,-3.209367982583976,2.8160027732076083,-1.6460937381180218,-0.11783879811064134,0.11783879811064095,-0.3099411092022219,0.30994110920222273,2.1495519597171984,1.731109645156786,0.5929797827699813,0.08230234839236404,-0.6752821311623433,4.452831358561473,5.220367629156124,4.36748308246516,-2.231447579987213,2.2314475799872135,-9.372688545701926,-11.861975413182645,-3.6924053854408805
14,-0.7723782518921767,1.51943378277236,4.219527341575255,1.3155194709813642,-0.13260176384738287,-1.1829177071339865,2.5224001297773864,55.35575709080652,53.6185644182931,2.7702565270955226,52.638296708035774,63.055170776574585,1.7678537504880587,2.6084565291367334,2.7987630603470275,5.831845382558246,57.2956562567314,51.421992085059756,59.120010642196995,36.61087717372595,54.61704995796718,44.90063374443701,7.526159667735088,-0.2923503673627746,3.344625306709796,45.81838930406093,10.117184025065761,2.4358929894889148,-0.0023879360351448213,-2.4335050534537714,31.327424501098005,25.41072225370709,24.01649078594863,3.155883298109412,49.651249925762166,31.657514308459344,14.882357156941207,46.570590436749335,52.99740444318594,7.7456780528125275,16.48562610890377,54.17732004628591,52.98256729582145,60.17205238522301,39.777844355383166,3.3893886910941116,5.73284920405001,33.138486371534384,9.175037745146009,49.795310587176466,18.4093854660673,23.244481301361528,7.430123498620742,6.657050744666101,5.398393116483047,26.996529718465126,25.856399680325982,35.684268263378236,-3.0826175250966945,1.0374548791921423,5.432944725844055,2.922190632496365,3.2366170639325547,-0.21816130982347454,2.705630784805383,2.8649440549751684,-1.1577769267629288,-1.0879708601874585,2.2457477869503846,0.5784762109542059,-0.5784762109542062,1.127049573499642,-1.557213337851417,0.4301637643517725,-0.8438133297132785,1.1911637794937997,0.271038472575087,0.5711928303323516,-2.1790441506442093,1.607851320311857,0.6272351229148171,-6.422091172867548,-1.6180309007983777,3.162857376403706,4.470984059323755,6.512275009268316,6.310910579776155,3.4967305644771205,37.82783330074412,45.024659991234095,29.95348589974016,23.951597956525134,39.23082483228047,2.008537149887181,-2.927820133932525,0.919282984045342,28.280011879332925,36.722403047884015,-1.9330945875627465,-1.0301656128913004,5.180658703181912,6.596887168247517,-0.41428034166878297,0.41428034166878225,4.340354341800076,4.383446375396513,3.5766521915474043,2.4984021712621907,6.975344905192856,-1.9717369276958348,2.7743220430632225,-2.774322043063222,0.09817738235114,-0.09817738235114165,0.21250148838786004,-2.1552468176374946,-1.3034781568372855,-0.20072181650079673,3.6377882645412547,-5.102387787487788,-3.611477290949137,3.9247702817842827,2.300442007405051,2.6938902311338717,6.98271555299661,6.609185905760273,6.680439501820152,7.3723451198939465,7.176309884914272,6.318437963595829,-1.9706233568794775,-6.879838484642967,-4.931898508002406,4.733710064539503,5.274024712787948,3.2903570730026432,3.447898633736017,-2.619993747240055,-0.8279048864959564,8.521854225607246,9.397539098145394,8.146472440593772,-2.9840212781225386,-6.900011074882872,-3.86419641583137,0.9195766238918119,-7.1297037242632335,-7.5756414976922475,-6.618931817373292,-3.450859967330654,-0.40791610437666526,2.695436062909155,-3.7394494376001024,-11.478022972035655,-2.1434246395792664,-5.905447020583957,4.660363938014681,4.20457501197372,0.1823344501606138,0.6111662783519455,0.2350601807021209,4.667120862191933,3.643629820007462,0.5395552526268481,-0.5395552526268471,1.060763240984033,-1.0607632409840324,2.7109841067658285,1.0128528870843396,1.3533871292349944,-0.8568350603466789,-0.49655206888831777,5.774759860370312,5.2920189361882635,2.1237682557511914,-0.8162871482104176,0.8162871482104194,-1.1392383502658376,-0.9323978633841477,-5.073091899046562
