,SRX1639010,SRX1639002,SRX1639013,SRX1638990,SRX1638991,SRX1639016,SRX1639008,SRX1638993,SRX1639000,SRX1639009,SRX1639012,SRX1639015,SRX1639001,SRX1638989,SRX1638992,SRX1638995,SRX1639011,SRX1639014,SRX1639007,SRX1638994,SRX334198,SRX334211,SRX334183,SRX334205,SRX334185,SRX334203,SRX334202,SRX334201,SRX334184,SRX334199,SRX334188,SRX334207,SRX334186,SRX334196,SRX334194,SRX334212,SRX334190,SRX334181,SRX334189,SRX334204,SRX334200,SRX334214,SRX334197,SRX334213,SRX334210,SRX334195,SRX334206,SRX666590,SRX666587,SRX666588,SRX666589,SRX4665717,SRX4665719,SRX4665716,SRX4665710,SRX4665712,SRX4665726,SRX4665731,SRX4665733,SRX4665732,SRX4665725,SRX4665713,SRX4665711,SRX4665728,SRX4665709,SRX4665727,SRX4665706,SRX4665722,SRX4665708,SRX4665715,SRX4665718,SRX4665705,SRX4665704,SRX4665714,SRX4665723,SRX4665703,SRX4665720,SRX4665729
0,4.037340114422296,-4.911887652969441,-30.032501113183976,-0.5327220938818652,-2.560852772445241,8.974705307620344,2.897474474266712,-2.4675908606915247,-0.5456106085421977,1.4130594898332582,-0.29235585935773467,7.153542302284404,-0.3096326320605961,-1.1503853425409717e-14,-1.4671637676831466,-1.1368776991963518,1.8633603594067032,6.890433394893589,4.615092182807927,-2.4838325942689625,-4.360176817327496,3.211758213611981,-1.6607350649445072,-1.916419345065905,-1.735404722052803,-2.229796431270186,-1.5899707730349635,-2.1713418434504463,-2.751045403710911,0.21452608764781636,-0.5786514832796811,-0.3907090725786824,-0.7292747298168003,-0.9388710389738547,-3.2571424849992634,-0.019038277636175816,-3.2067773840339173,-2.031742943293285,0.9665982446762632,-1.3289984952926772,-0.6672299445979776,-7.110471742716573e-17,-1.7900866401450568,-0.09355379096592023,3.0427250400635137,-1.4748838626207768,-3.857609979184576,1.8806836767610184,-0.7281709806922281,0.728170980692226,2.2559482915216647,2.0594614071347506,0.8468464907751083,-0.5753947671132899,-0.4401354300560397,-2.342645157873252,0.9551409612609574,1.5581019593795296,4.662291838287308,-0.38857223176678835,1.112164393116598e-16,-0.21714624298521767,-1.429216021774397,-1.5056793617684354,0.07244441633715482,-3.6843418185281376,-0.6634521514572391,1.1572223328888114,-0.5547231611413995,1.6353180653422685,2.4819219811998114,-3.5731294028118223,-1.7991723727303686,-1.088311607112203,2.638761127802859,-1.516491402241877,-0.5865609180958774,-3.157541990055425
1,-1.290184366731431,10.701447627477535,12.753970606122634,0.7041755082890266,15.166555756568235,9.666659521426856,12.688296052047344,15.41846798795179,11.64352525087537,10.226287695380703,13.549456277146348,10.292413043039925,10.377310154204824,-3.072819776406278e-15,14.400941280886132,1.4109952756415995,-1.3896947522133678,9.271107738766588,-0.6159552103552713,14.76648305646143,-0.18553549023285754,-1.8354513313451712,0.12663833084894435,0.1682295338955833,-0.4217957049848877,1.6210466701343045,1.1892439522159437,-0.3788910830704802,-0.6199997484457885,-1.3251034578881362,0.953128655489965,-3.9016548630059806,0.22776348817616018,0.13685640443546565,-0.792856064647749,-0.1387148704943863,0.1842867503139262,-0.4341888944817957,0.6008690499698506,1.0954577150120317,0.5253919160336927,-2.4353608069890158e-15,-1.740231760995018,-0.10004968999001232,0.3826107194277694,1.0509824966255477,-0.8684004879766813,-2.5159064767468178,0.16339026973211332,-0.16339026973210619,-1.52578802230406,14.282942299554495,-1.024515291032779,13.836437355588977,-0.6946833815001537,14.301232620903784,0.18203797866892757,-2.0626805240386266,-0.6335651302599123,0.5377021702883412,-4.091581726037595e-16,14.846137698321929,13.834610068245931,15.0734450744602,17.610811226489076,14.753429122802912,14.53452857292488,13.539530762513191,-0.24131794034491658,14.377794021766947,14.053794351381443,15.117970359398026,15.626752242429097,12.860267092795045,13.176778213021203,-0.8801891515422553,0.056567276707327495,15.042154479365083
2,2.8991293082410508,1.1169616931192161,-0.29777451352429457,0.15756247031964624,1.7002484874596988,-0.24960683816479884,-1.6189488035185748,0.46038672154138205,1.4783052093843028,2.539998653281444,-1.0367226179415199,0.36145774398494884,4.654673436337705,-6.082350871467928e-16,-0.5184352338210667,3.450142251297574,5.149945565070159,0.3655211898376565,1.5810532842172138,-0.19274773438975876,2.3383806940069403,6.597203922703117,-2.126107553015355,1.3846268058241673,-2.4819567749250684,3.806440934995947,-3.006580529210435,0.11252274667162304,-0.8073470592899119,-3.6516223076643155,3.188498183553572,-4.307874539983169,-0.549328183506005,3.2635336058981057,-2.278143011489245,7.984602122906227,0.36432783247998984,-3.0867759463017492,3.0740760479782043,0.7284049591849553,4.064291775930275,-7.221671022540761e-16,-1.7159036321270678,0.01015951611628308,2.271010708349613,2.677309599067198,2.6260263952463028,1.0270333837106695,1.012224098885154,-1.012224098885154,-0.3330098840203456,2.14798191913457,1.6466382405007454,1.4042715303199538,-1.0327379645609451,-0.7636461353235007,6.2708430908689845,10.180980813648844,8.726131560544648,3.394433052689778,-4.300003877239964e-16,-0.43784899324084564,-2.5959341151287636,-0.747072227950417,-1.0599278652884665,2.699449540964697,7.629441263998796,-0.23836874999712246,6.017930369962582,0.8628877320878243,-1.6552202167032337,-24.898570357048968,3.2832867460318345,2.546690631135317,-2.2570736853553104,-0.1614765855694768,2.289275175273688,1.600356405555171
3,5.46657962952626,6.788803108403911,-3.9078541204684973,0.25063938931472357,0.6682323054395776,8.8635114793168,-6.0447991462755075,0.13881848370127506,6.565833321147025,8.558815150228797,2.627920515226428,12.207511726143721,3.1249557774915258,6.0421795432935684e-15,0.7196260569091555,8.445478745798953,12.279191253219134,11.438833662233556,1.32067710546513,-1.283479419989547,16.720437849100637,24.493678216770697,-8.070630676382034,-6.0686145182640585,-8.572566808357099,8.781260785809678,-16.53584957162771,-2.294003622208741,-7.470504672334306,3.3085015577106507,0.3342537638791052,74.8177059818016,-1.998119280389999,1.3424739640105445,-1.5934571136580746,13.82863015438259,-2.9979785709613314,-2.9898156124968893,1.002270729395522,-1.419306974826295,27.89389360200395,3.812571489441179e-15,-2.913587242017711,26.759631614486832,0.22068882110991417,4.46545695539844,-6.591934018683522,17.316590828727428,2.5967875975094534,-2.5967875975094556,9.027306085668735,-7.240552701669992,5.957315637424419,-6.91287798558696,5.0814504380595755,-3.1386821504004714,35.961546799468586,21.9659591904644,32.6395082357052,2.1726420910513884,2.0038997356533245e-15,-2.0408472077055566,-4.21363227378886,-8.628109598514662,-8.421732246963721,-9.508692406110725,-4.552997027846921,-6.1538207671009175,16.892648294423417,-8.039346239801386,-5.772557721148465,-4.008105891554316,-4.171469953165597,-1.107735170410781,-11.351653602558642,6.467283542978127,5.883392176162582,-8.748033139031344
4,20.79368815927026,2.326851296569117,27.52646963599311,1.597852800083606,-0.266845044370258,27.52829815062098,17.027511771005106,1.6952080991383114,5.104521030552009,18.198246218478275,20.068725092299008,25.76432783820177,4.185293911859553,9.878556306297526e-15,1.0333544011721916,7.315371620510908,19.61418378928444,25.390640422001287,20.45016163941944,1.6286858165801275,-8.377502501591994,6.771468390206769,-10.391461838862055,-4.622742396967942,-10.81688750200043,-1.3072501782757688,-9.886805050565732,-5.635050651714056,-9.720769133022905,-9.404573280550691,-4.07902491790349,7.2347931580378075,-0.5741758154775389,-5.102749486611601,-9.97055733081509,6.961325569233123,-9.742384159945585,-8.744953171640734,-4.500418861930658,-0.819191773511529,-8.827950357698287,-7.743916297617595e-15,-8.743430192723007,2.0180934169121167,10.953003078628099,-2.4315077160285945,-12.800785713354134,2.095897418267616,1.218199754838933,-1.2181997548389234,3.8116094538086718,21.71751064670402,9.88452137199259,21.445849828121226,1.5364765799736517,2.8670598640672735,1.4875386238951522,17.34359225750902,17.016005117686174,5.588956883548104,5.648460803389061e-16,3.122287992141309,2.9957426692282074,-6.18695895342743,0.4875303972344731,-5.279852124080701,9.850177566358584,2.867041357228508,9.014345468011252,20.721647002734937,16.781750037893826,9.648795067949983,11.32572370075581,-0.37129831004083313,0.4260633415849611,0.4474583730782307,4.6217755131686475,-7.130061900529773
5,5.261312575410817,2.087621569624628,-1.622062362763163,1.7071577185396543,8.852982543293663,0.18920174862798386,2.073416426525067,-16.03057893060077,8.348721406692524,1.4549969115277201,1.0417432131120536,1.2533063713360284,5.68788211510749,1.0016987239680476e-15,7.17372612461142,9.233125126139123,7.498029844823882,2.305012277734166,5.113288389603087,10.605693364122416,-1.2389798902021156,4.881242779122977,-4.695246371269441,5.121286906160595,-4.95111683602832,1.6640306371108877,-6.361725653831647,-0.21759614169347727,-5.264231249232518,-4.362313596428793,3.0764581954491748,5.438283502795346,3.5347659392542656,0.680653323988582,-5.684086616504308,6.166705216926537,1.6306987384088203,-5.584018536838246,2.2392571192077306,3.8004496715444596,2.2400289919387277,-9.65551173763661e-16,-1.436401566323957,1.223331465604177,6.374305526756427,0.7315170341303971,1.1924659257403405,2.621647676920448,-0.2369410552480834,0.2369410552480885,2.113036565856143,5.891465743840518,8.2340348397798,7.10511992111732,-0.6437827134914704,8.14191612318306,6.974829206654688,10.80608717452211,9.593963859093162,9.77997315907425,5.940459102263916e-16,7.189223050152939,5.452442436298514,3.2310351273996725,-1.546876353413273,0.8819882573942533,-0.4881286616815438,6.313654747822429,6.385213314841689,5.029781929865423,1.912671288921727,-2.405310210073127,-0.5150372535638472,5.335730469463787,6.768837357799548,-1.052697796857812,4.428451451553523,3.4436668341901235
6,-2.411951825175561,0.5623347477687293,0.545072831140244,-1.154088584349723,-1.1333584608408585,-4.674358112036788,-3.0327248650520677,-2.0176589980890585,-1.472187700297079,-1.390946773805573,-0.5496573781421273,-2.165158086918822,0.6713997002471017,-3.1910238340593367e-15,-1.5818357117808448,-1.5968580480133108,-2.8573062602885373,-2.3454020690644244,-1.598751556778315,-1.1551079337685244,0.7086342711360244,-1.0673557988601783,0.8678879936055494,0.37647460658034154,0.4268422598402934,0.21947883823953176,-0.7697147165970454,-1.013862825942531,-0.8545881925138862,-2.992102653513953,-12.60833728544515,-2.925179869933119,-0.06095032452096322,-0.3183755960155309,-1.6160474221152297,-1.6641671462843513,0.41493589892945537,0.24468443916253643,12.27996779906223,2.8658015494375126,0.2763618320746445,-2.942847589122336e-15,1.3303224018792332,-0.5558060034996308,-1.5795913608935392,0.3530928529211231,0.4763624619256448,1.0427309938658398,0.4508030074871222,-0.4508030074871232,0.6347873876242492,-1.8615396148515126,-1.09743665230698,-0.9627745501936903,-0.9959271765353174,-0.5145263767530951,-0.8769725368291277,-2.530719555817943,-2.092755670482542,-0.4821941061661412,-3.568029780480849e-15,0.10302439185475608,-1.5282426394652555,-0.9710595444965433,-1.5354036181407344,-0.4767332184997617,0.39682702989465,-2.0424522771466815,-0.6090722619146169,-0.6433611917991349,-3.2489698634389255,0.3232889162249208,1.3858259385843856,0.2654284469733474,-2.9479219510398047,-2.1892062183759626,-1.9981081526139723,-0.9150393690161398
7,-8.348444713516157,-8.672181273870137,-10.947523523425696,-8.722704961056406,-9.5839560024102,-10.480463903861864,-10.011238566857582,-9.073452769621118,-8.348561332008456,-10.246541795528106,-12.6034434383609,-8.811535570578792,-7.199002759859768,2.890250972581443e-15,-9.618936326618908,-7.111878262444821,-7.058835616948259,-8.393427360374638,-8.382173069124686,-9.930542532655386,2.5665725453110686,2.3038753542169035,8.699692329877534,0.20180922269345591,8.279862984354553,3.0861993189381054,-1.149778497870227,-0.24477077011887188,-16.915664046077055,1.221861953215366,1.195891470177689,4.467698188057468,0.4096093418415156,1.523999209928015,1.50699817994213,3.4565308208772674,0.3332636551571088,2.7514063759911096,0.28105794993146666,1.445114866708383,0.8000390536285883,-4.3819388206742035e-16,0.8926681778029792,3.3644211350465576,0.5857088818843574,1.5054304526662492,0.030231309907050655,-0.5418119227397148,-0.1982227048419638,0.1982227048419554,-0.6094160125074239,-9.925915851815986,-8.131307503121253,-9.34527010989187,-5.739540704835077,-8.011449134847902,-7.473907941146942,-5.270735860326099,-6.259872302883166,-8.176543752953501,-3.2897822220263608e-15,-8.794328964101664,-10.166512068695733,-10.461049456122645,-9.488423054039663,-10.50989866215916,-9.565782179041074,-9.891232184860737,-5.387111099615781,-10.757886133369317,-9.435640695737877,-11.362687712431597,-9.943516160802503,-9.93178088345549,-9.522376948011356,-7.040044202633696,-8.338029095014143,-9.284908569567062
8,4.674477383027888,-8.62879639392198,-5.9864160849761525,-0.9194897891216135,0.9233260869359942,-6.09590390155768,-7.290443968084887,1.1816308813673837,-8.890449938864505,-6.769403293250664,-5.920079240849129,-6.891783438642284,-7.315928629059092,3.2344750926322625e-15,1.3301163710757273,2.903261519712631,3.7310069273539717,-7.1061092694999495,5.364176729781124,1.3429600462737175,2.0365887151435627,2.824586257977455,2.1875516076400636,-0.30473849855799534,1.9336288720032806,-3.130627110660794,1.2736921093324398,0.7116430462728973,1.7281424822002112,2.8180593771640017,0.8938027234028653,5.063522157824015,0.22593535083388527,0.8466181529879834,3.6635209328728418,0.13187313408112689,2.326991431373902,2.8736896071599416,1.0919163705089443,0.0005955444436313291,-0.003897019073170343,7.38268227214177e-16,-0.7371713764205776,1.6566089071509087,0.35879106662030086,0.4657565211909591,-0.16367455567743458,-0.15344487857561528,0.50829297982626,-0.5082929798262603,-0.5887676731132166,3.0358748753165195,2.3046634573861615,3.2106190904045406,0.8881711754130213,3.3531483718700597,4.877854244832,6.376374428514212,5.247860440960869,2.5235710786003565,7.614738405106668e-16,3.00227916504874,4.016057243003948,1.7110431876520655,-0.05375806303728106,1.8236991227287072,2.289273871825627,3.7269854048046125,3.400810438886921,3.426259348866225,2.5457162700377554,0.9100890299211865,1.4308609290363028,2.9386685918185176,2.7202701045470463,-4.912324196278255,2.1511816008741094,1.9038063239671197
9,-16.73911772407813,-5.36901212380563,-0.007637283285000112,-1.229921220850278,-4.496289538085979,-0.8182690834193646,5.459194838326016,-3.669271186863664,-5.788505258266554,6.266533229853329,0.03256507261039888,-0.33293405711260493,-6.535521482560219,3.1481761642027093e-16,-3.771119043352508,-3.862557879421783,-1.8045079720088497,-1.2776834827985524,7.7056239064353145,-2.5024576526513167,-3.212890115031838,-5.269266934089492,-1.0295392999202468,-5.327990864371519,-1.940864803289005,-8.18070462714481,-2.4316453587530495,-3.0881916179822873,-1.6835265517839186,-2.5419351455447843,-5.532068837029313,-1.5110067895526027,-3.2088583650875404,-6.154255459814553,-1.3837892014951059,-3.505851936244004,-3.7119640374529737,-2.6038763329071015,-5.564788061272798,-6.90204531010039,1.6524696375415993,1.7271741299541933e-15,-4.600545719561428,-1.5446026035925255,5.37212818613896,0.6034816965695783,-3.3497223374145504,-0.8800344971168955,-0.23623995890091534,0.23623995890091615,-1.0606926400558294,2.1163402667910485,-2.181995589960008,2.610064167835535,-1.373049287369152,-4.660091714677448,2.6941014702412485,-2.4859985853007194,-4.005161599738375,-4.264185012662464,-8.202136970861305e-16,-3.979489434850854,-4.4152162352039275,-3.025976630967459,-1.2699640749549543,-2.114213584783227,-1.2897353383460746,1.6296122307700198,-7.103034557979941,2.577435158252206,5.421763429516589,-3.1393446053395797,-2.5958586427228796,-1.6788817103184792,2.106118294092628,-0.462126835744877,-2.097146175757575,-2.1564995906979876
10,-3.0265830354432537,1.0497287755261877,-5.791192122084202,-0.5182207419272505,-7.814272152421553,-5.117761616986184,-4.476391813337887,-5.948467838413694,-0.49248025778311283,-0.034912011555732064,-6.984230741734542,-3.7840168880292753,-0.3251625820276688,-4.8272043958446855e-15,-4.931056152347688,-2.0103130384232037,-3.6052955454019604,-4.560877340216022,-6.114003799412838,-4.2358781958092635,-2.9037302081651117,-6.258850034794639,-3.266109152896669,-4.829547292828157,-3.2446834877676376,-1.6398995294269185,4.010254300727598,-1.5748575588172327,-1.7336229761980593,-5.340243715843322,-5.087042062147713,-7.120560874421008,0.5349072062376582,-15.271592298678401,-4.262509743284305,-9.478746042199035,-3.4949196546738985,-5.358228194097627,-5.164408459519204,-12.116289017430617,-6.394087005134209,6.0237960477172145e-15,-7.504909304340796,0.3029353879264949,-10.073791445443199,11.338351461226123,-7.120679092188486,5.323481578931564,-1.541761712460067,1.5417617124600638,-0.7709187110639322,-8.850963516534435,3.5954359243797187,-9.146054523595051,-2.2889064204477463,-0.5417509991971374,-3.126445099915287,-6.145832426391045,-2.959137558806958,-1.5651810338325742,-1.4880397271880204e-15,-0.6883589637861827,0.15473049607918404,-7.555401267927081,7.301297008679807,-5.370807117252139,-10.019482185721204,-6.40083473645987,1.5444393343606322,-7.827235832486277,-4.014019371672411,-8.820339358732033,-9.936221213438667,0.634051650392916,-3.3281070918197586,-0.9479924124480993,1.623059032030854,-5.1735693679769374
11,-0.9152228479286204,26.08391989025863,11.825333999868786,11.937841398957506,38.33411853948804,14.079737521706381,-4.090193066542343,9.308224475712183,21.898567710617385,-0.46167957454428504,27.061022951776394,16.179595128944953,30.93779650272347,-6.3232752367525805e-15,-9.478076563033197,38.83012397608712,19.976275015622193,15.9342346278499,-3.519301534131472,10.208807465340877,-20.773969930012527,-18.48210529330736,-21.140661314023756,21.202712344119032,-21.157199029380614,-22.69090393713257,-24.601913941675697,-22.19149540201634,-20.86910087060985,-19.340277812347303,20.933446241707586,-19.08356420939171,9.267200528926068,-11.275032271096059,-18.646902845994862,-13.7766436946045,22.179951224191676,-20.023204484180727,21.189993997988886,9.763777657103306,-19.56282809899732,7.0454741101008524e-15,-21.309897364924108,-7.6151177642369365,-21.46401463525321,-19.790797179218256,-8.55662007094119,-2.03976926791844,0.42228451704113623,-0.42228451704112624,-3.2421688097918913,-5.301029141594049,30.295645890163108,-5.325830986455031,1.1307207983723793,42.62866663889813,1.5112510048941992,7.201110790324921,2.635632371279791,42.2634336142962,-2.5839442795158677e-15,42.97253932754335,43.95235834548774,6.132080424008178,-3.3889800063516575,9.759706723118846,16.749887138386065,-5.329649247760394,-1.5903226106613946,-6.229404878517808,-4.5473919026476395,16.613751582747838,16.63276080243978,44.91245444529464,-6.178749888178492,2.5380716497594213,-1.0611909332117189,6.433956592223154
12,2.6555838572140273,-37.33223871502966,-33.07915018806761,-1.153133741835739,-0.8115941261232016,-31.996789148505624,-32.582145445809275,-0.34301479157516623,-38.0044615985366,-38.38697078325149,-32.22264170272504,-31.13291943300162,-37.69791866727299,3.859655650639838e-15,-0.39973087639678573,-1.2953865747609359,2.167176589223262,-31.20310015436066,3.153455076727852,-0.6451236422803001,3.081236265244282,12.603001694772917,0.18201731201272905,-2.379244476533614,0.3983795973348918,-1.4461958574576896,1.7931987319436389,2.4555667220200372,1.2027677829789447,0.8683248261832527,-0.26633174015605277,10.878621130316471,-2.5444797366166996,-2.019084995975056,0.04189577553162499,4.969546238801943,1.0463984392258303,-0.6694191147661676,1.0612004132417514,-1.8042571453879788,6.364265156560107,7.179035227110926e-15,-1.431927147497145,1.7681361875630914,-0.3469592007961175,-0.8432814423531522,2.837215560055124,-0.6762883952670308,0.635511993115272,-0.6355119931152714,0.6896046096661006,4.429577368752365,-0.9990232575390265,4.35484386093949,-0.5811785616724029,3.512439003461763,5.301215322480382,4.339100193212507,8.616054997271576,-1.172083001999367,-2.428235549474348e-16,3.62507235745522,4.083417896384269,3.5033599649992215,0.612073947442349,3.9826146904085133,1.1092550587218277,5.569904836824147,0.22998405832260624,4.9345770116066845,4.123697244572575,1.9926272387850028,1.2073106953050958,2.9384542830470566,4.275350925943526,-2.2226392702059683,0.7825630105217329,3.7612532389161992
13,9.500598383930763,5.9445078741705535,9.592948986209569,2.078610482579558,3.603636175368344,12.471367478390503,8.115825865378715,5.749778592240249,11.810236178934797,13.612435806459537,11.433234098923267,11.216521988417508,9.174994161348856,4.710121181972226e-15,2.851426744192809,8.616281371015003,9.732904142914878,11.321524969590202,9.50939096923882,4.5391097504694855,-1.7824670649284255,4.977337523513781,-4.848079321188845,-1.7270462540230755,-4.408990671401792,3.934459770389336,-8.091812807138838,-2.5589207822102686,-4.755679697715693,-2.84030191870511,6.737428644802321,7.950140090319888,0.6199391249843689,-1.4628499027013948,-2.9271627732668883,4.341818835475112,7.946302495023718,-4.3934116266995105,8.090669802604703,5.59535926552529,11.745316345886604,-1.818237169177866e-15,-1.3646184254523714,-0.2538606864699741,7.431300111449505,2.2958891559926435,0.6406733070948394,-10.36821014108587,-0.9412782316662006,0.9412782316662033,-9.598295963444963,5.462171071268298,5.509834859487333,5.227072262284208,0.3109294863182183,16.177762155971447,16.555737767840018,9.381163596239814,9.748377840435149,2.9780794581541232,1.4540930602843701e-15,15.05422415861798,16.942962217752353,-0.48357155656275075,-3.1312420708840603,0.3526820564965836,7.593494910558973,53.09022934780599,8.801376597553933,4.936166206722646,8.013815945158129,7.8947717461232045,7.881284158581613,13.476316060638212,54.986902659221116,2.0353910299985136,2.167782232144232,-0.009951115638781068
14,-0.048451430300383465,-3.613444434328266,-0.45135637092213476,1.544067963905468,0.45945089635333536,1.7433977557516314,-1.9867523469598185,0.001681709405294778,-3.34878261530674,0.7627684556290427,1.096164478519726,1.582624221372795,-6.8105282027254,-6.915764257560871e-16,3.250625136333183,1.4028377208988874,3.255034449357536,1.6440970756639974,0.3295887080877254,2.5901979719054564,7.044032403091234,-3.9576205739118144,2.1921712038217755,7.530375119858107,2.3955308847004244,-1.9276247677075444,1.0346516890972406,2.3983173365809236,2.1427721698121855,3.404379603209114,3.6903265377807064,-2.0879950297037677,1.9396621205448543,1.2530120454173013,5.249807928893219,4.3897011537511785,6.210909199643974,2.8912404072116424,4.212882759878454,2.6807979099283608,-6.249245125431656,2.343840335958993e-16,3.526861312036605,1.5963073804070111,-3.2550013805878635,1.305759810327774,0.21056417851768114,6.154658773603493,-1.8884458385372171,1.888445838537214,1.6451449056512766,-4.093366501924406,-0.18042637098904724,-5.32606992485305,0.6722732021603072,-34.566587977674764,-8.415822603662265,2.0542898296490195,-6.144053879536934,5.241486811740099,-5.584430538970889e-16,-34.140105048680454,-31.854534373926278,-5.728705354527852,-1.3340425188098397,-4.88287013303931,-9.639999324169521,0.11537816477175732,-4.2014418970030905,-4.768426499005115,-1.8354524490367148,-7.065768791769588,-8.016296660976312,4.357175412277964,3.892308545055874,3.0534349593899495,0.2185806736155755,-6.5038493093282215
15,-0.7328741312531274,-32.40520710689912,-31.04304119822705,-0.18778240832933868,-24.090539697685127,-24.13595025383161,-29.735468819422152,-22.55936927814231,-31.07349042115189,-30.474134597665934,-32.45200991675253,-27.03717223645483,-31.860492089371174,1.0311751452718453e-14,-22.28130615358675,-1.9379816455179333,0.020573566744461175,-27.277171850623336,-1.8566960727307904,-21.653994103937915,5.113088860213425,1.1852197612006308,-0.2271863328469136,-4.008955810313782,-0.26669689932301255,-2.530853941579112,-24.051030742219854,0.739618642880639,-0.44657819206001714,2.0699827628066343,-2.0548181277122186,-23.18965182324371,-3.0969586367312387,-1.5395500153354886,0.14185479793667868,1.9524083449765088,-32.67535749658995,-0.0490331514171177,-2.21299870848682,-2.6018538216740597,6.300041469604199,9.043702794610432e-15,-1.0043612484375029,3.6694798482394204,-0.2697136363692175,-2.1224658686575295,-1.120874679202658,4.403905964332865,0.4940234148157981,-0.4940234148158127,3.5293342005246076,-24.884502252906486,-2.8976638713576737,-25.451326373508294,0.336090041323069,-32.29468602197196,6.612832236372542,1.9922758682660209,1.3403787506051845,-3.747617676713636,7.261142072415148e-17,-31.296116291362342,-32.13548265339525,-25.143950894716546,-23.772792975225755,-26.8724763018097,-28.18939171336923,-22.689875138873987,-2.3472038276264,-24.941003817613222,-29.913353665767307,-27.573663944096523,-28.401273774501814,-37.18004312083822,-23.662979631996023,0.3374514097993494,0.9613341830247281,-24.922831243567497
16,-3.692200269714785,-3.6366317260524283,-0.8959961394360314,-1.4587539174240844,-0.3952229730910476,-5.291101049272431,-0.9090233896670087,1.2684208935365462,-3.8692609012185013,-7.208024192569314,-0.31449784468449915,-4.40154050164092,-2.904815996934967,1.5111870088624357e-15,-0.650020644491251,-2.789615694875396,-5.0840718169106625,-3.7857451669489457,-3.6899428820729914,-0.8722720062868113,1.2041741034979199,-4.737641782041887,2.6052340355819705,0.42869164949407385,2.0918552092756717,0.236800490301791,3.4650703126143663,1.6481530954623935,1.1785180797181027,1.3563061086574324,-0.5518888283935026,-2.426964590230027,1.2128824789003554,-0.15977083728633348,0.06116830686063132,-4.500072036173009,-1.2357924211086875,2.15054849475999,-1.3309160612420705,1.4114619772562695,-1.7368130602239327,4.0196944455779996e-15,-0.10038966965136722,-2.1628687461839777,0.01011798583289467,-1.5077251954162518,-0.7690622708281439,0.5091171383404048,0.21663975942839578,-0.21663975942840388,0.22939957900392305,-0.47816891250012183,-1.3010215565071908,-2.973490573188055,-0.49056187037502696,2.1251853129077762,-4.37019192376904,-7.120397332963564,-7.177345954455086,-2.331835168191608,-5.060968537518188e-15,0.17536763883538306,-0.24721989346472475,-2.2696787267071197,0.8172342166990377,-1.2789030973311375,-8.526310380834493,-2.2271361370645533,-2.3033677507776007,-1.0497458202248415,-0.7185826419644876,-1.138546577095972,22.462048851529975,-2.643899383478628,-2.6542859017004927,-2.5847287632455465,-0.9175729313192843,0.4937886019168222
17,-27.692482420315077,-14.004005484269166,5.376479324325913,1.9699800537483267,-2.1810954089887575,0.9563613356873789,-30.7688216291281,-1.149073132490873,3.3626148602154973,-17.660461762805724,9.450227583688276,-1.0231702965590033,-15.00801876910161,5.777878175905473e-15,-1.0480239402507463,-2.600447711366769,-0.7715319423013471,-0.9678673380068274,-36.513860496472546,2.2587888947014445,-3.3840112195722885,-5.836136472378562,3.6599457576537615,1.7961984707702427,3.6396519324411623,-7.185427416118737,2.9000647045444645,-1.006179922111993,3.0746572234396545,3.9603744001097754,5.588739209089876,-28.574359722942084,-0.12642202158154572,-5.4678930232448115,-2.749978754784103,1.6992616555671096,7.7729313994133395,2.005755861654438,5.615954409379927,0.06883804675854327,-1.3858939040269127,6.149785460339399e-15,-0.14333014101712274,-7.316212475046216,-12.442070472360252,-5.269191381344507,3.752708470312305,-3.419864133570232,3.8437837471534446,-3.8437837471534486,3.2237392700903214,-32.33230940735192,-3.885353178189721,-33.27067570627598,-1.6764484191285385,2.218517961696769,-5.188093609166345,-2.5969314993506964,-9.744208115839996,-2.0624064081700664,1.0122831781215524e-15,3.0642785152675094,2.472034883777429,5.206593607872572,-0.6002388097531314,6.097979353748193,2.6196314666911666,-35.140616064290455,-11.10551560716956,-32.64569588436993,-31.792824731300172,-1.7510947872285803,1.046296253354537,5.720632338565718,-42.836698988475426,-6.4479573046199175,-4.619640309734422,6.568366207336128
18,0.6630699254011075,15.61057363866141,7.750958534463126,0.8871624977201483,8.397622380714006,6.7310603799102005,4.721951988846755,9.062666763720673,10.866402086629234,4.731604051329096,7.946992401230887,5.320085731647819,11.786827098862016,9.359041319711991e-15,5.307848365744065,4.88539819475275,3.2530727424201085,4.852068677554,1.721604070992351,6.467008677655709,-4.970608871028584,65.64524329719661,-6.568303472790396,-1.7855259264099188,-6.398867143481559,5.000446509587095,-1.962863442527379,-5.954140154310449,-6.445333833682699,-5.236669979961809,3.2503364770623695,-12.564845686147036,-5.985947781937628,-2.5741148396426676,-7.148503626659732,7.345240010743899,5.013061095578299,-8.596881012195645,3.9503844805362798,4.927292865645895,8.93499464070589,-2.184231594701646e-15,-5.400930354756924,-9.732710086216946,-4.030566867808319,-0.8900681073351184,-5.6918563503166375,-10.996993656404051,0.9595334932554493,-0.9595334932554445,-6.26006120790182,2.4843782836023145,0.5182027646572834,0.4187865196345587,-2.16372150319337,14.460101867281983,15.441984125814166,13.754468018223738,71.70985483494394,4.642739913510824,2.4880501341383827e-15,13.236126771301532,17.04903038207124,1.3086898683937884,4.636853379843748,2.8808766333414257,5.1707871105548255,10.810955503095034,11.430430186764115,1.4538219102937189,4.617188278240242,11.218060277946966,7.4426282937141455,12.404408052491487,8.879900478472926,-0.6611732492203166,0.6373284770494959,0.3397031728237152
19,-1.4071003570279939,6.404207775157252,3.6113126556817616,0.4837615052535657,8.709399171938745,4.538081806338217,-0.1258326404801462,6.220893076073203,7.01528054976615,-5.573246792873138,7.96014894951408,3.307289973267853,7.910622764616002,9.561795799584161e-16,-9.77970916236346,9.412632501427094,4.773247221462898,3.8471063882790535,-1.87421794511303,21.06069542062223,-2.161832601421841,-6.687789957631911,-3.4912978395096803,6.017697896603779,-2.5852147913356367,-0.2915279808980187,-4.766527141875517,0.3012699508403388,-3.2328436223506443,-4.332064659132684,5.37316574897278,-9.48594331668079,3.156427519527081,1.462977951589007,-9.03747180912675,-1.9780343038509898,7.896158616088874,-6.639738319772166,5.5748504340201706,5.822523537740491,-2.842755913963412,5.716910437977331e-15,-5.501942464061979,-5.117018635444371,-6.639032899099707,-3.0356614714574484,-3.386384654166278,-3.5902294763634246,-0.3277060193196216,0.32770601931962645,-3.6707943911405447,-0.9720469341614563,6.440013907190118,-0.4359454274560065,-3.3108753202852204,10.740192551139135,0.6240695641735595,1.6956903722686725,-3.26787203867532,9.532608300321368,-5.743954067506982e-16,11.904961025205221,11.970916929441982,0.3544370570340194,-1.2453573290614586,1.7621842502696652,9.189245203149365,-2.6541834811994427,3.193410128121406,0.33871664615515146,-0.616764072344018,8.421478028555379,8.665625525441078,11.563990065672785,-1.992702370781337,-5.36162655511179,3.7061476409514005,0.6730861524931884
20,-4.336742809060007,-7.6895657435800615,-6.825547056674927,-4.715269557284067,-7.591929788836178,-8.128937142018266,-5.400802835557556,-4.41119797421899,-7.665532509640055,-4.265733162863092,-12.054359537784876,-9.848968519306363,-8.3568772489295,-1.2229037227307061e-14,-4.37022641099129,-8.727594692008262,22.30245060337501,-8.138654516929764,-5.315567090576873,-7.581067545998768,2.1135642099224357,-0.4546508649901007,4.060934609643847,-3.731484483472719,3.0388815951231862,4.029844054872949,4.422562345933331,3.5533244751055197,3.956710750658922,8.404963080872491,-8.34778994875851,2.781825499005569,-4.432183990296534,-0.47729700559447535,1.3085112834932968,6.029606121314478,-7.037618813769737,3.460527728673717,-7.455287263964082,-1.988338197276512,-1.4524771080052639,3.763364624641578e-16,3.9236236504352537,-0.4493075560864629,-1.6941022638999157,-2.6365764906322706,-3.9810745252362887,2.609017712189636,0.08810654272815781,-0.08810654272816781,3.0601697000053694,-7.995769133381527,-8.488441576035653,-7.656667343343194,-0.5732315840045005,-11.229624898958878,-5.6522568126771615,2.005625125371417,-4.6576850497083555,-7.8821025486679686,-3.911629189255295e-16,-11.97827091223738,-11.21761401083402,-3.8557626119984914,0.29230679665935144,-5.156534946013326,-5.530811161896187,-7.68698942091051,-0.10904239455563895,-7.110089843371868,-5.729582046127824,-6.17445509712275,-4.8929455039122915,-13.829612335474952,-7.847625980111812,-2.9193171257906783,-0.7958328635036738,-3.660885596624928
21,1.3522201056087402,0.6726903871509671,-4.025283366512296,0.295427283425795,-1.0924282225592494,2.497997849605826,-1.2316031232829028,0.18852742056421523,1.5162483454106706,-0.378335257257032,-0.5041609645176379,-0.25503790520784003,-0.18101025898456313,8.82210970942765e-16,0.452726474909573,0.6090540981211446,1.7146667328364422,1.2579245684087064,-0.013413717826690492,-0.4513880342125649,1.2903985649471925,2.6520612999233846,-0.10245690813123547,-1.2471890426535315,-0.9064847464124313,-0.651761801940739,-0.446348123571979,0.7513254592883023,0.052990705159531484,-1.0946200217694375,0.7916239130825528,-1.7809370911195654,1.0888460855886484,0.27260040796125273,0.7130751064368112,2.4824872329416454,-0.2238846291423928,1.7938454791115237,0.4240963279745496,0.18331268493191097,3.37620208832748,-2.394727446441452e-15,0.7473228870908344,-1.7826087553922942,0.4744460215614506,-0.07796804329402778,-0.6943100193767653,-3.8992177556874092,1.1682928227327183,-1.168292822732718,-2.4880920282704455,-7.412070124530564,1.27153262750278,17.03474683039951,1.927986980683687,-2.043200348849741,3.573861762257839,2.756021125730083,2.9606671418437327,-1.1249333093937346,-2.062225684906745e-15,0.014632609417749003,0.25873112813306187,3.224545752140482,-0.3171058330499962,11.026432577845751,-1.49542392455281,3.378942637221785,-0.3498279334009186,-4.982929770618652,-1.3048657113376323,-0.22174016135663088,-0.70509957548452,1.7029460992601022,1.0247302950511845,0.9282942423238209,0.9566781125902187,10.614079975664843
22,-1.7746546715635714,-1.5640854986188764,2.4499352682482765,0.17599796925411987,-2.8235933757663525,-1.5932224681105691,1.6286312225473218,-0.4720314211105312,0.2124539971685763,-0.23930526214167527,0.22283946892981443,-1.9215274719919428,0.4058490045298745,2.898990659914124e-15,-0.1251070626598951,0.4775711736197814,-0.39753704892839126,-0.5757009267381609,-1.8955072896484848,-1.091643056121047,1.854899606793513,-2.6798050910078763,0.6382272346395165,-0.1210386988820618,-0.0936363467978795,-0.028516584619980564,2.379190320142297,-0.7791543037167723,-0.007471933353316939,-0.1210106381969928,0.8186285415887176,-4.543285222345206,-0.395096265533814,0.3044668597423894,1.194733282198372,-0.9367236466026638,3.4742550904809333,1.2667688485885107,0.12122919540538721,-0.9092848984156594,-1.919117848754527,1.0620675279448012e-15,-0.3208876395065985,-3.8885990566564432,-2.0181314753658732,0.7281738330704032,0.4246270814390881,-2.543613253170635,-0.4607415620769245,0.4607415620769214,-1.282326772405275,2.371065577079668,-0.8276087613200298,0.8995304647483532,0.6900744221630593,-5.240167059351575,-2.705476544149102,-1.4357671240708556,-3.5620313665199355,-0.8385773347431381,-2.8825563689555094e-15,14.249586429193187,-16.210720224160532,2.0720158631788435,1.7102686080411817,3.6085532965909564,-0.45489159679395696,1.280062641104604,-0.7229132417436873,1.7417453257464202,1.79967029819926,0.49351068683260757,-1.9032194926234092,1.6157099643392567,2.1858167562430744,0.42877120464484153,-1.5819363259896677,0.5035154656265138
23,-8.169864980177694,-5.414531627762539,3.235827671876277,-2.623645603576748,11.033533071352899,12.753711825111305,-3.5814597146431395,7.174313068532887,-1.6639104781775649,3.9207901414639013,9.38295912321544,9.307963351693694,0.8377445282780625,2.7980395778115512e-15,6.590324669421318,3.083655411744587,-1.0971686703694283,8.949262451900891,-11.831743735910528,4.915390654069086,23.275532768146935,-16.175311553317577,2.7898986531321053,-9.849710970498148,2.278500129551345,-1.7979312207788465,10.863476105729468,8.148598188402637,3.248507823084252,6.305065268130911,-2.9460756409749154,-28.877534399913184,-1.116528530975404,1.5199530312879437,11.40713844140213,-0.9581618957702137,4.286100658024692,1.3683297295493302,-2.927124282502101,-3.5664289339665096,12.569450796408512,-3.763314532588481e-16,3.6814455464915086,-29.701242406429174,-15.97595732762421,2.30127748367141,-0.46076090808496983,-24.683650717885566,-1.892130944825586,1.892130944825586,-25.52649712229441,0.7197334878527937,-3.8884718978563924,-2.3420949942793983,-1.35475424660947,-6.970245449923588,9.655711443840616,-3.81644808809308,-19.056434901486558,-12.7428357643666,2.487920077765028e-16,-4.672545118962411,-3.2128608182593315,-2.6294463779961497,8.194090946561241,-1.795751661312306,0.5108683329305657,-25.438419777661267,-4.520119915404488,-0.8223782104016079,-4.021865083196249,7.54142942582901,1.1787615165386036,4.103608117104702,-21.641971963955353,8.678242508342146,5.240091678266825,-5.042324255665563
24,-4.2133556598982,-9.225136740404967,-10.60193245206133,-0.49269802032319404,1.3964298577900527,-6.9167756289118,-20.026788780536997,3.6251972343139185,-5.412255247818201,-4.592757057259293,-10.24303998316839,-7.5250392685318985,-8.528696597578968,2.4364858421431176e-15,2.331093179779195,1.2622724622412311,-2.7843567821216264,-8.061720256078733,-4.189535196683822,2.2696203999484115,-0.37547734456270565,-2.387934443306225,1.6786522262648498,3.0630619902599094,0.8648648751864687,-1.950869178643415,1.52428684493967,-1.3003474267211326,0.5174499063249981,1.2143508391909201,-2.145486316540325,-9.052781221394676,-0.1732136965660486,-0.2304698191696206,1.2138226446355913,1.3140840992508234,-2.4000397250836394,3.9802096019032684,-2.4634404452947707,-3.0207798501692307,5.806243747312612,2.620983913980002e-15,0.7711227148850648,4.135440520363831,-2.835022520434275,1.4846181756780525,0.9825317934740266,-1.2186013253035177,2.778650151330286,-2.7786501513302855,-1.7209229154040395,11.951224043025734,-2.0229427976440078,11.355552134817414,2.197678687768156,-0.02376494632315376,3.9460813025546395,-0.5618338221719311,-4.208519759941625,1.2589858915454637,-1.4232006572104751e-16,-0.40675742805708626,-0.569896480219826,12.144307442980365,-0.18290849466596612,12.530727260065117,0.027744543035296186,13.676963530757579,-3.7947848031301454,13.63297551928023,-20.130284520015827,4.354415815255023,-0.49514167701895345,-4.814092565272235,8.123713746948605,-0.6186915905348426,-3.0889522405812957,11.128143053933313
25,2.78018807137794,3.635974589687658,4.8164588285752945,34.450676591461054,0.7275705792261223,6.592058653121693,0.938612309057773,-0.7889269085783382,-3.5819296239867673,6.060903061522952,5.833041830141808,6.222232977964873,0.9399153309263493,5.923699031296082e-15,0.144878269425263,1.153336811135298,7.57865072017064,6.265663038022685,3.4431476183559253,0.7802415825583499,-3.2078015775739237,7.438467539421542,-1.3817046012512093,2.000254127943597,-1.7449203927900092,-7.116781879338117,-0.5132181761688299,0.6479869289367847,-2.253694727862483,-1.0868052881066168,0.30604596771593107,2.4279033569951345,1.6095784677639193,-5.387002326312922,-3.0533252627112346,13.28863740423833,-0.7024015590632928,-0.6590839000744692,0.04083037091626657,-1.1575073224168382,3.125848897177351,-8.733035407148514e-16,-2.588107609194125,1.0935754297103746,1.2853100219264186,-3.8698154104921336,4.326041673570879,-1.5813214500605375,-0.975436642142715,0.9754366421427116,-3.0363027069669637,4.804583155542233,3.096804481988555,4.974190153588291,0.7083822435411257,5.057478894601351,4.3591415139234435,14.56669676751442,8.94212386227173,3.1938772990489372,-7.860493299872922e-16,4.96682945835709,4.275621170582848,4.163997856974459,0.984391016851456,5.052554242922591,-1.2394405773510442,-3.1017939422381904,-5.785313168645728,5.763419127862676,1.5647126989840965,-2.1452065263562714,-1.2200749083679951,1.3163921836896337,-1.146711963524984,-2.0597781192800846,1.9845732308131199,4.534919082777788
26,3.903975651732286,12.589273224851912,-5.269196271395641,0.08393240403652795,16.99052119351061,0.6601462741869889,-8.145515358378022,15.837122091071647,11.209848502148494,-0.24668773585975276,-5.428769532861399,-1.0107551320592878,11.16694672542722,7.599748125494566e-15,15.207083729961887,6.5015047536070245,3.794966931542643,-0.026726719613281213,3.4138542347360277,15.284616877569807,-0.4947455188251387,0.7915624888465874,-4.990360362464934,-3.7279053038509145,-4.711634881648174,6.526733808465796,21.71558472024391,-7.124369860395868,-4.223445975724893,-7.839453894518724,8.105290830783538,-4.507285149829333,0.7148853998954267,1.9704054023416506,-2.908136690663497,0.9223484729783836,2.6359075243345287,-2.8105558289519736,7.623482850971979,0.0031303312028712242,1.984199983905196,2.9788805384520028e-15,0.13317349310522178,-0.368513897404814,-1.3218521535040693,-0.4066833637352794,4.121617958069329,-3.245652530719141,2.9838227144975904,-2.9838227144975775,-1.0899731340538716,-12.232607692870863,5.6655624696124685,-9.444589379951777,2.381667950953559,11.561662103083941,6.9404278266349175,5.839606313881402,6.014370349199686,1.4029916681719714,8.055427816569628e-16,13.48176045015235,12.791811614986676,-12.629261726019365,26.899591546537447,-10.479640848616881,4.6409708232905045,10.051780480857476,11.66147942991584,-10.959486839000126,-8.816487237326395,8.698261865346549,6.4271183396921225,8.053072928876292,4.065746211182172,2.0422515683196507,-2.0050202147769007,-9.866238944536097
27,1.8811832161049609,6.282757430953218,2.3852407438784673,-3.699554830994732,-2.372675525289147,3.3565988845499732,1.2864774882445291,-2.217891629918424,0.421073305108207,0.7141859426423607,0.19572040141926575,3.3410971084362973,-1.348427410749744,4.274774978441087e-15,-1.823570975183251,-2.8199070248099884,1.6236537283656247,3.845467026072358,2.979517607034747,-3.4139684082722295,-7.988778218615667,4.9311433897295665,-7.299224889589541,-5.6051892962031005,-7.421475577719962,0.515343531658149,-7.109483100423772,-7.280163650767388,-6.724364145282666,-4.1486766108794635,-8.58965540884314,-7.02625976318402,-6.5474538931199655,-8.027351127314226,-4.531031743409402,35.39569257440304,-7.946130848873674,-5.320010020818637,-7.922130473549427,-2.6987954880886607,7.09518951062691,-1.3280902202319784e-15,-5.939780227737576,-3.012411151467013,-10.379876264680915,-3.1719532911617936,-3.4740674658426287,-1.6769420064584921,0.7121608606215378,-0.7121608606215359,0.7274299488241255,-1.1786370004042201,0.8069958941148089,-1.8294576334018309,1.99121485862075,1.3583324918190758,14.43537707137531,42.46079995836521,12.34837670446346,1.7328433676871975,1.4338730498226593e-15,1.2161908866882931,1.6025764908982933,2.1204277194832786,0.24976022603919926,1.553826949938082,-5.860368539089795,10.124463509389408,7.875682954884201,-1.797371027673,0.9838159292496783,-1.9483185172975828,-3.1362446945905753,-1.4484007096264577,8.710980352028422,2.892397061938782,0.2117739095413452,1.901004353188645
28,-4.982377706123699,11.75880047764181,11.287697054553187,0.4617302541779597,-0.6742839815184541,11.029219473013079,12.20172333827491,0.10755514339328208,11.348699020890136,11.426921925073914,10.696970022640063,10.736929097581617,10.568042870344494,3.4076561017393205e-15,-1.1838624027331641,-4.953391541594034,-5.061065729867135,10.53941789916218,-4.77059078536413,-2.5149860360472083,-2.5190666664811685,-4.816597436558675,-2.463820029021725,0.7550448461966615,-2.742169008258407,-2.8262702328426634,-1.6532706950397036,-2.582624594637993,-2.0195804761572633,-2.9766474003144565,-1.157347159294584,-8.471907864186129,-0.5389653526303073,-1.1097420949869288,-2.8953752374409567,-3.0140907195802975,-2.9673385256456744,-3.5526435553952265,-2.1609355878207888,-0.5216280521209409,-2.127803592273547,-2.0901720683685333e-15,-1.2837458327409224,-2.958118604111884,-0.8236922036461278,-0.3510174401101245,-2.0722617985145937,-0.1372392100555969,-0.40545720044669925,0.4054572004466957,0.16228424542465356,-1.3305939819311112,-6.031892959330426,-1.3097436353852003,-0.5373870260473779,-6.596685001140221,-4.618672919185504,-5.624445838779435,-5.886166407237404,-5.3274815772167585,-3.5812394481099575e-16,-6.248378072106643,-7.6484255502297325,-1.2843662183495144,2.6761900922989468,-0.0034546623961680335,-3.5034249013656673,-1.462695776455967,1.5832160332229939,-2.0476047987681767,-1.9302849561492663,-3.267928501963722,-4.006946730654755,-6.2283800201648445,-0.657312465437785,0.9633898759735401,-0.9147827987076529,-1.0492558791222568
29,-0.1879097080014122,12.084647635356966,-0.23610183278571312,-0.500098548462215,-3.878754997159898,-0.9887686303557243,1.7900390419026087,-4.2578205234176005,3.6878457528349657,2.1984471268936576,-1.4391427147563283,0.251368567855879,6.406391644549737,-1.0514644710468701e-14,-1.324488014314115,-2.000051485557829,-0.8131753121146548,-0.8335540269156929,1.3903745759358812,-1.5768562730860731,-4.477627596963369,-8.10770302745298,-5.630608839671246,1.0947862065987346,-5.874917880578485,-9.26209872294289,-5.775600253646255,-7.087509137729241,-5.336436836396529,-6.189424177418547,-1.4459377430861937,-1.3824533768657892,-5.87658394193787,-7.1565166982497495,-7.151879573277905,-9.98785947344532,-0.5000163077485481,-5.315775087969084,-2.587187436507859,37.201999540627256,-11.22918421586303,1.9542620552778845e-15,-7.64516919394991,-0.49698604062010415,-8.299386070180047,-6.299367323992675,-6.617751828296192,3.061980897006342,-0.2681249471487693,0.26812494714877333,3.169210928398848,1.4933752621713245,-0.1634064058348379,1.1367485004823161,0.33754503372138167,6.626977019532551,-5.4879389248692885,-4.051163259640257,-2.2472916412659,6.759640195198471,-3.574491968811214e-16,5.645043484708889,6.248656028093353,0.7280053994736996,-0.273875925310257,0.0949910405186544,1.736635829979845,0.19851651936575018,-3.4849605531653656,1.4049817794277792,1.488744539682576,-4.297446975087159,-0.7778896019815811,5.379248212014066,0.7572113883390641,-1.4043386755028473,-1.5202974558341034,0.7152187164662682
30,-9.365908529661079,-18.93418861550568,-8.409551846102275,-10.17147783254548,-0.3752178542709889,-9.718316111084054,-8.341561205371018,-0.38443881619242315,-19.7522475514865,-12.539589691196618,-11.405940584767608,-13.477338280789063,-20.523398638474532,8.377627996488074e-15,-2.2027296673325294,-19.422092566102016,-13.326368951027227,-11.493915198355904,-8.570583476268313,-6.206304782731142,-14.369795576367668,-4.673577990247338,8.437918985085913,3.027215308180997,8.226039402140309,-6.832718301686616,-1.8366769614851035,13.154547409770814,8.062639378552033,3.9456031952277217,-10.861330371723247,-11.447554394841093,-12.797428800459661,-9.327539105857868,-8.745093715835637,-1.1428591654704978,-10.877598377677831,0.5867958484077046,-10.401179759381076,-5.9536112844871,16.066292232061528,2.582408697745645e-15,4.07001021085075,-2.9245802485929238,-7.288301138541144,7.661068797054158,-3.5145031632081567,-1.3760438183947938,-0.2852012497972584,0.2852012497972528,-1.3800148547263666,-11.958439099219952,-21.150528890354586,-10.693340923244657,-7.943385344008789,-14.024795704265482,7.520228270492366,-9.671278081667786,-13.248576714279354,-5.532804291774248,-1.7539107640994178e-15,-12.285449377876745,-13.796911135305951,-19.078555167197717,-10.139435416219387,-14.781912545811016,-14.959155264413965,-13.218621335558344,-15.303033958544496,-11.401757816007208,-8.833294433247806,-12.322556336175797,-13.192429341649312,-18.33860968308786,-12.639419740064437,-17.112819205817573,4.728350333046872,-15.337312890538435
31,1.836131599318803,9.242179095259807,-3.9507225940904775,-2.3164670113977,12.332779420809317,-2.5386231814747253,0.001737170446973761,5.965565573751635,8.334117403969783,-0.9400453480247261,-1.6844907439155214,-0.2439898525246398,9.49525903357691,-3.3775854587939328e-15,7.726698364822809,5.896131418875483,2.8199031123635527,-1.3695404296655227,1.0350679210613278,8.634220516745401,15.003686625374279,15.011558682678368,-3.4948507560459805,-4.752412243408928,-3.6545947085415476,11.033792004519428,-2.6570748223234246,0.05967934356972338,-4.248675135891007,-2.2301578203236394,5.540705441821604,-30.274511665519206,-3.0697929583335024,1.4414635862323306,0.7585694399044693,6.034667739234909,6.378415832482699,-5.938295668163146,5.619306131732163,8.404169167336782,4.8348124403525485,-9.80313247276665e-16,-4.8807861002433315,13.183102746636557,4.6465956513675035,-1.3984578757573565,-7.24771736954575,15.112268410550648,0.04084096489154557,-0.040840964891538774,11.841205970612208,-5.441545409535391,0.5559503657760222,-4.899238142416729,-2.3769446218179984,15.68765437133405,8.26526509185723,9.467662844135882,18.334191936301924,-1.4095473717352371,1.3557206416281203e-15,13.900906564636388,15.96476461714289,-6.687340898598119,0.8419573417946505,-5.989924352510292,3.6487350629308355,-0.8386676891479167,14.442279172890492,-5.23605151064887,-0.15050005805615332,7.240844938703603,5.250426471022131,10.427632903041504,-0.9196087520489222,4.209267979295049,3.420299432042805,-7.588865947768458
32,0.9695148935607937,44.27959155893722,4.128323466917584,-0.25848280127348205,-1.8548044362022105,1.2980979669637989,3.1931484460988764,-0.5987282382032327,-5.675325138338079,0.22391330448854446,1.0743465676733004,1.2386026813372424,-5.070490309236355,1.209865541085264e-15,-0.9348544620002182,-2.2216762165289485,-2.1721179345771318,1.5694658258826635,-0.6282123766934832,-0.9446855860683381,-6.117708310333452,-2.3624058019776175,-1.723533879330372,-3.4166212741881306,-1.540810451385644,-10.29916463728402,-1.4248199348806123,-2.018490711833852,-1.960694862250259,-1.9054165987762495,-6.039703480529327,-9.42122726764097,-4.172108491301743,-3.3034349859341763,-0.35623530332320186,-4.463421016602031,-6.1984632772214185,-0.48854777489811707,-6.368119435662534,-10.980719949462571,9.329670538555385,-1.3436004069145018e-15,-0.8768445858426834,-7.4776565666379735,5.970459141874121,-0.5732548392742416,-3.9498342581322095,-6.334268602449084,0.771341405340322,-0.7713414053403198,-3.002304678110087,0.5390206820044748,-2.3674058077902016,0.6306045897535622,1.346619598231531,-4.59161417074561,11.028059323161349,-2.751458509418174,-0.6248916238775307,-1.7326727248063947,-2.283460938077816e-16,-4.944272073849394,-4.613455315794319,0.7746704452487094,0.409119591726435,1.0217895265470487,-1.4831217939208061,8.987966492488292,-8.524140672461046,0.19407741909883947,2.705978033330403,-0.1901246431037081,-0.5242001880463767,-3.4954058492012456,7.437447702431009,1.3932557119254085,-0.15544287233503323,-0.4818642267341351
33,2.2367230631936614,3.1222726551362263,-2.5148874862484223,2.1502548374878305,5.447769709361532,-3.8254220984550193,3.245475448259289,5.387196808412344,5.834629886509877,-1.5049434173323224,-5.593836446718518,-1.9316752246166664,-24.851085598159052,3.1752725448974674e-15,2.9690040254928736,1.8003746641095824,1.054500281040709,-1.7438954768269779,3.7956927700484537,2.4553767737713357,2.992041576139993,1.2488583357378025,1.5459696765806064,6.28011249414908,1.6703246804910556,7.035510440368686,7.613790556827336,5.924336615522658,1.1005943026282714,0.1631198719339855,-3.5496558981461925,-1.969884320607869,6.28922666232361,5.474923048841031,5.070725046645558,1.9365057500652287,2.096657603247484,5.390892989856292,-3.913249982491431,6.537430744950647,5.929604346567036,-1.1461220537130997e-15,1.5563620948458254,-0.710028349955691,-1.3264174294935207,6.458484204412595,0.8480719809736224,-1.0116139403020359,-1.7096119253379598,1.709611925337959,-3.966929717601989,2.4266438407664825,4.788462997136854,2.823610929747659,4.058647194889393,0.32649555949063314,4.544530109685611,0.26757149643777917,-0.18701877899899025,4.750467476748046,-6.116303505816913e-16,0.08744098278863052,0.7863350329939314,-0.8778557894912966,6.208221620714201,-0.04661431810764188,5.442071206749714,2.0249600566447414,5.516121652718582,2.9543174550497,3.2600000532863205,3.3712552767516195,4.858153247072702,-0.8688433071586982,5.441796197385294,3.4598926508838486,4.339779519768449,-0.9708932595217796
34,6.962749471999774,-12.966258969605931,-9.863488235916073,0.8052132503674851,-1.389015006375814,-9.0868255751487,-7.486574495790191,-0.3941410970797287,-14.157732472606675,-10.869481361521585,-9.644669927632679,-9.186241822208103,-12.615409514886748,4.9256323188966375e-15,-0.8360649460394506,-0.8850425609271649,3.167343434628633,-10.011553048116198,6.944631188968896,-1.3687421160943816,0.71306515489102,2.708968913958497,0.40795078402595975,-0.9804075149043716,0.6303460267539861,-0.2447873199285097,0.9598753305198198,-0.07405432423842984,0.03081408199413948,0.937031476657473,-1.134070230156852,2.678264714473163,-0.6458814239418448,-1.3541279984184937,0.44993523011513326,-1.070588150920856,-0.48045285129976284,-0.494347766867099,-1.058930983203156,-3.3870670254314135,0.31844195421819393,2.1094695307256637e-15,-0.9211750416583591,0.21153119897659056,0.6287286371009284,-1.6295121801554815,-0.6034923729704046,-0.06640329445048114,0.2879669960815725,-0.287966996081573,-0.49252196212506666,6.528476685897561,-1.1333084784765564,5.389378926904498,3.306423905994308,-2.605779672504163,10.856376431945167,6.70061808132785,7.2160747591944565,-0.792582232987724,3.241856559453293e-16,-2.542308389518653,-2.578905020444596,3.89380417843582,0.005917610337675476,4.381677560588092,-3.2138037346939465,6.196117209469332,-1.6523648358628937,5.825232878479574,7.0442132959886505,-2.822315608865157,-3.6416443044630014,0.293976975791346,5.598026241070055,0.3975196237896026,1.4891025988119309,4.0095387619701945
35,31.016856702192264,25.280551231361265,20.69887685020379,8.142794163584254,24.796080081901653,26.98069113580191,32.62343432613821,37.52003634549763,38.57124323684745,31.539802572954272,15.164703292819246,22.586430076809744,52.62016786899818,-3.265616943526338e-15,28.11344620972038,24.724666242652965,20.916205933896716,24.244575777299374,29.976591099172634,26.172288413842267,-30.103195919028032,-0.7135948467813843,-29.104101147362094,11.920001004964934,-28.795440494824515,-9.70850119885554,-15.12671872082572,-14.68048236139441,-27.730250032339644,-29.49731553383147,11.913488622914697,-7.676736516698409,-4.549375181344685,7.729006304941676,-20.915834745773374,8.449743935344099,15.237857689925567,-29.38704675793295,12.222622530941015,2.515389266247253,25.98441564252589,1.767571245426796e-16,-32.793079856041494,-6.376894508052896,19.5415845116731,4.416165064166643,-10.277947156975747,-5.397342438067967,-1.168396612108984,1.168396612109,-5.309626420111955,27.161357323147353,24.421725696984055,18.676214933261196,-0.31333803883337596,38.28257314483753,54.951871569121174,37.220447566891515,28.320636648251003,40.86711720153624,2.3007374424468183e-16,38.6484121080398,42.92449289882391,14.995904427395367,14.043537679113719,13.959593219832664,8.122972665829536,22.937170748163386,19.286627639380058,22.3373385115347,32.129665156074125,14.14741393137107,8.899666906241086,45.51200052899921,25.27081750949646,8.184066533315354,14.545736373655048,12.25994393593643
36,0.7551575632038847,0.6052469097820632,-1.6736217960932527,1.9340136949473972,2.0271212594368406,-20.67898995519556,-1.3965329273561389,3.1207403934130027,2.6205023981975137,5.345274423310205,0.9917030802696846,13.600571290020541,4.095566646357327,-2.3953061756287755e-16,4.579781674196855,3.0022761326608918,0.940749167213626,4.67303008075634,0.7765015628003649,3.602227710557601,-1.5368131457534508,-2.322339229998045,-3.1623987620486442,-0.5713624800666952,0.005370053620008053,-1.121182041365626,-1.3951837191234993,-0.06365245561837432,-0.0070078411769150485,1.7980547054723517,1.691045505273273,-4.620251733956645,1.3185101868473468,0.1872340187804902,-1.1783893253687205,-0.997045538109796,0.19120188677009387,0.9605211172998235,0.5939786529349835,-0.5214553004956448,2.8793327472786747,5.745565244377096e-16,1.190238376208572,0.4863111194898155,-3.0367779143772307,1.9472778877676118,-3.56105918271445,-0.3484664120590285,1.018433831511902,-1.0184338315118984,1.66472370735416,-3.101413415704179,4.43587651222194,-1.5761223799830952,3.9869559933627956,-0.0101521121628329,5.761393989181352,1.894386049481688,0.7939807197199006,2.200102872507714,5.82896799737368e-16,2.1558226324229626,3.617876274544498,-0.15152672232820427,1.962808557960902,-1.4832186861495753,1.8213158214315224,3.478200250678622,1.9293394278935656,-2.324990237402348,-1.7723126504572573,3.468495912260761,2.875777772362237,3.1846960132825703,1.4822796391358688,2.0506591131822347,2.975738620833022,-0.9598553335656819
37,-6.809504216390169,-11.591754713050848,-9.527918839445812,-4.6519760047637835,-4.42559009392907,-10.182023921148996,-8.373863096377791,-3.596788589316653,-9.74291962175072,-11.376330903672828,-10.547385291949938,-9.462120934882483,-11.001598698444704,4.739474805880879e-16,-4.6869062328582904,-5.997596359803478,-6.906714884660751,-8.77704235679083,-6.3958877976308575,-4.916671190518625,-0.9815842761175935,0.7149566922048406,-4.282204434163717,-0.8699497486296587,-0.5970512685491931,0.7765916511376945,0.363098901313503,0.9660164186743497,-1.3591451385606481,-1.78415523858995,-0.8606404796649916,0.2660655125916251,0.17163922429844045,-1.6957516851591283,-0.2200487007861462,0.797789531362452,-0.3746376560956041,-0.6481542859847785,-1.062336328370652,-0.3309056459560683,0.26013932869943146,1.6305754280396219e-15,-0.05109474293272954,-0.37596512428815526,-0.3328344773554988,-0.9015773114590745,-0.1114834534829869,-0.817206465083384,0.6808318490038738,-0.6808318490038775,0.09877647401806,-5.313095781281065,-7.519880820971086,-5.0260763408513425,-6.317298082713677,-5.506027215199416,-6.365119157897699,-6.65424689628253,-7.610490556824308,-5.95912393570422,-6.648186770964172e-16,-5.076530462466218,-5.03381233157306,-4.606096397214035,-1.8855493511034596,-4.656504653254864,-3.2325267482973965,-4.160774868280632,-7.005138332325981,-5.193181650179153,-4.870600702787602,-3.5219581234887536,-3.4256399032879474,-5.39736095595692,-5.4894066609551135,-8.49429346530172,-5.540786208168441,-4.936537969067826
38,-12.39909971828654,-2.4784757785308824,1.74532095561541,0.1676579883082675,-1.4890987026721105,-3.8854919837582043,15.660657546335347,0.5850226220270849,-1.5607621534535132,-10.09390640655981,1.3301059691387784,-2.735929700779769,-3.3532095578512116,-6.737249647059685e-15,1.4920599924106568,-1.8611878686763281,-1.6141490549155273,-3.3590894350738267,-16.910424604877406,0.14735484893861567,0.9155933525064092,-2.7333805005101364,2.0091010412964843,0.8498737710328392,2.9072828904452246,-1.1704558015245683,5.490247794903842,0.9854195816075331,3.2441136148986716,1.5493691166563275,0.9896874735259025,-15.1597189299865,0.7271480840613705,-0.558024503313561,3.0270521410305364,-0.7682982169085524,-0.464034973527027,3.712150523007288,0.9124546072357366,-0.9224034719962515,2.626775767256533,6.380723802671091e-16,0.5003965331622331,-3.5316419123469474,-9.893386859811903,-0.3142035681493943,4.613594881672143,-0.7654387031869757,1.0930391520061158,-1.0930391520061147,-0.43881636750850156,13.65219047608046,-1.3041336972509792,15.244418038449794,1.8884919553104864,-3.785880264652698,0.8229217198169222,-2.725241250262644,-4.709661401053807,-0.6664320413285598,8.376110287243376e-16,-4.178570822959373,-5.142523246543468,2.7632162347394855,3.517826593792675,1.7443832463541995,0.3579807976349164,10.369299301768024,-3.110522976227934,14.089288709171445,15.817033268848158,1.0605991274376114,0.14346785898649922,-3.6142167961567218,8.167176640972407,1.1226933004961637,-0.719894510524063,4.927533908042064
39,22.933179465482002,-18.954954281012096,12.086594813882801,2.409382635982895,7.020689068031943,14.908142549265927,29.46094027792502,0.14260911438358248,-0.786287342847241,24.132951492406242,-22.21892590523083,13.52682191016012,4.288181079651467,1.7757427472897545e-14,-1.6005684374204199,10.537930347243545,0.560560843881758,14.217337334465224,25.086685776012658,6.789473044313512,-9.244323931040176,5.461884911478434,-10.744953194251298,-7.3077269340000575,-11.617213029263885,-17.66462958173634,-7.944597394959283,-13.960752091075499,-11.139174983216286,0.011957328954366974,-1.6891580312168373,7.862205796011209,-7.461635298161151,-10.06829910386081,-13.927232287914727,-4.369079300386577,-0.8351092456826597,-12.633709652541022,-1.4410549732010565,-9.438646480736201,-2.839816476097596,3.0695552948927225e-16,-11.246420757412539,-5.456775088165525,17.084622981969957,-15.1735052018507,-4.5698435316605215,-6.980937200842487,-0.11793892453534063,0.11793892453534868,-6.116901479292816,29.88987210915483,3.2870250607108,30.341271027079134,-1.7849836259060772,10.443076832528995,7.838115348278199,6.1856000701994756,16.10058569311677,3.245893524782367,-1.5447238363329466e-15,11.173233193214978,10.090252168150808,13.026095769301998,2.8287061742170727,11.003662041948305,3.8768050539542975,31.595244933633115,-6.98441456713835,30.492693403733284,28.99496507829052,0.551424795085794,3.1538311875805034,10.934326425462288,31.828171734770635,-3.1711832360849344,-3.2943362602748483,12.090928143294532
40,-0.4838674471060457,-0.524021027884064,-0.6292528781624193,0.706596412119249,-3.379486016880697,-6.535446159301995,-0.2580585223505847,-2.1871043497457348,-1.6701330124071194,1.2417439821336367,-0.3189277615547905,-12.445569793192597,0.6523905930648024,-3.2884198836180545e-15,-2.2349646190352495,-2.355533081429892,-0.3040516694253799,15.01676364240256,-0.5061570097953123,-3.148834889899101,2.5701205847344615,4.214680940575335,1.6760067190638914,0.30668013762579954,2.88694292070972,-0.37594451723003497,7.167084724486018e-05,1.5762431305395481,1.9410478293190183,2.9279359566911687,1.510301337929894,-0.8129132457033981,1.8068966267480666,0.001217168051341868,2.7986407856990216,1.0151986580422605,1.2930052037424182,3.5148815344610416,1.4682182516123405,4.365522593211651,3.421748734345981,-6.953574717372982e-17,0.8089531699597784,1.1186339923539244,0.7294540706854196,1.4712689725770773,2.4351144703581658,-1.4187869140300151,1.0954658842643206,-1.0954658842643268,0.6568711406390739,-0.6353375753271061,-0.27826750635290154,-1.9074261222152067,1.9122124273444405,-1.500359856597608,1.7108951558900742,-0.5935954471436906,2.391565803638754,-1.088299445293212,3.1382051267853976e-15,-3.176462612608094,-0.9401710034762665,-0.48008134381851014,-1.6887573388667867,-0.032578892901278696,-1.9823977188301583,0.1654084005601774,-1.9978373056029435,-1.4416618021661574,-0.5870927415324468,-0.19915387772933463,-2.1159424823673674,-1.4194501000918012,-2.036571195918828,1.1867138423438721,0.08476858850893035,-1.0864554790545764
41,-22.74964103781362,-39.48699126871848,-5.424296057276951,1.1494667089665178,-22.826670040107302,-12.891694228455993,-16.03169136701234,-27.653924119940612,-35.09854308117976,-17.016942637341135,-10.291240731239492,-17.95260980490536,-30.47978196905652,-3.255035130322881e-15,-17.326111834390375,-17.042599978374003,-24.38217030124187,-17.73098958102047,-21.371432185658012,-14.93018894586155,-6.483416850489533,-30.319968120637323,16.23149763850113,1.5048985027461421,16.467518756573437,-30.256986930133554,13.593818423539744,2.4940630803051906,16.012512144124024,20.737800778686296,-20.569525709813778,-35.26825885486313,5.526693471901394,2.664823453458928,19.778569747055638,-45.01270600262332,-15.48315286911607,23.07954934956428,-20.27235439944282,-28.22858274689613,-3.45564416823636,2.172049980821738e-15,2.518027538920567,-9.573783196036171,-40.57012209442175,-10.397808315971794,3.6252374412955284,-9.566920631401983,-0.8591419214437483,0.8591419214437357,-4.573317015950496,-14.743966930748009,-10.700956953854694,-14.406070047922487,6.783615674071887,-37.56791868512805,-19.82073414846615,-61.364541994865725,-46.666842597564866,-14.923634841474986,-2.901666256449656e-15,-36.17109374358687,-37.07624040290875,-5.131393473442225,-2.589439780743967,-4.665867616974644,-26.741085805499814,-21.67903413684256,-46.49677738312066,-13.890700337617702,-16.697023733521814,-35.46688388836362,-26.48103310360466,-29.56048016354158,-19.965753962858358,3.6044032385772176,-13.749235825023645,-6.507227065403782
42,56.34879010833292,2.392495717786791,9.465279771457592,2.9529349746108733,2.52538152835328,10.914314700422421,60.06450152302652,1.8249484678245387,4.491355507000788,57.013335675050705,31.090227766701005,9.722584381555503,8.537351649248604,-2.211925087536315e-14,2.6001729985220328,7.688270392834203,13.402056841124729,13.253802495909548,56.75016894810224,3.1326528974090437,-31.70616159611066,1.8260280692996986,-35.352621325128204,-29.275119658685934,-35.16791969966971,-36.2270584745494,-36.8385015830824,-34.237352287878856,-35.03827058316596,-31.056299984087154,-15.86334335214141,9.383643152620435,-32.0526322183252,-31.933103508855808,-33.072715101059266,1.5311005889315115,-12.486703634714793,-31.36923549986874,-15.463940299145339,-32.58589185808582,-25.5326639485492,-2.355489224055929e-15,-30.729843354262417,-9.236464641510157,20.332318954501435,-31.555791404856503,-28.693171114542956,-8.990095119089064,-0.27060876591983674,0.2706087659198499,-9.2097323207663,58.62638072761018,3.224585371089684,58.21123406402094,4.032945168965085,18.560845244458847,9.768864448670957,36.620497535920975,37.02031494994096,6.041486317039817,-1.3175260124981247e-15,20.21752635895527,18.889070875089082,3.132023454834116,-1.415366706799516,4.400574421248138,-0.3660865959534454,53.08479584834471,-0.843485802409227,58.55862906479169,59.421958956000516,-1.0773912313437424,-1.3713814014775159,24.14772803019464,53.630955330356926,2.3280121247585175,1.1319835746714715,5.659087142917446
43,-12.185718272589497,-13.56067549420494,-14.633692991254764,-4.509678771542212,-12.265389786940524,-13.107656607571359,-13.263240108080353,-9.823794300195107,-13.647476225217824,-11.18424269499586,-16.165062340124763,-11.864911919614398,-14.353877907698683,-2.319255898441952e-15,-8.168957936720968,-13.889216857465565,-10.70491758378083,-11.763287420683435,-11.06443049687416,-12.265743183098564,-9.947358264522293,5.833688786727898,-6.9503602290694975,-13.834741658563788,-6.263717858909913,-18.777499864007734,12.253770453294166,29.228608040688904,-6.834607703884411,-8.172377467374817,-20.284093547976383,-13.017553009241325,-19.721639097111456,-15.523115068801895,-7.919178043094112,-9.250565557770845,-23.424763833287,-2.99618617759557,-20.966411078726782,-19.764688830307005,-10.40670158572282,1.9047616623188987e-15,-5.948052748713808,-2.115380565813624,-16.689522808482312,-16.980129291659694,-4.888143660397157,-2.816049119683129,0.4276684360529031,-0.4276684360529092,0.240014138628874,-13.571599461448127,-12.77335120524815,-13.227925260386499,4.017701102773818,-17.23841281538158,-3.478854288426238,-2.3645724540532886,12.739224941615134,-6.907561510347355,-2.1672363073662652e-16,-16.944836695296537,-18.186276972914257,6.534479048716661,19.249242532770804,3.2002801868732886,-16.961126501203214,21.97888133593748,-11.850948386049682,-13.406995102555463,-13.459590389099706,-18.259303455719675,-17.790938704030374,-18.229161812406073,21.124604787856082,-1.0022788357148122,36.066136425187615,5.947663344100815
44,-11.603079680508353,-12.054775579012107,-11.689646065154154,-11.01507110265949,-12.273186639710957,-15.149442985000722,-10.961432567069744,-11.493820296097955,-12.005136997833365,-10.38911967863072,-10.847129897277032,-10.52247126345733,-11.75166540754583,-3.956557304007902e-16,-12.06910297165152,-12.023817034429825,-11.834089878694517,-11.288902467519263,-12.202277705649545,-11.681361026621117,-3.5980985321596455,-0.718673850990105,11.908392296714672,-0.2787138105943176,-17.470940889857694,0.13246144496053086,-0.9075392657094049,-0.5260178745551898,0.7967985951808743,0.5517153764954529,1.0925445743579438,-3.1425994492083578,0.33625609821282837,-0.6098201365449136,0.3971772529310202,-0.25446163475964134,0.056818864558348864,0.5990999487880325,0.8104893267801282,1.049763462262132,-0.6486293318915283,-1.3275604929708042e-16,1.2536936928886053,-0.1426601973232021,0.48684021294363683,0.3973076064291249,0.7648602184818125,0.06937176200569728,-0.10437375089314387,0.10437375089314414,0.5712414697487571,-11.60208145629202,-11.215403140740355,-10.135027964333917,-10.658959881169755,-13.088813422185451,-12.302069412409312,-12.034601452772812,-12.106653272348453,-11.906943078715422,1.182628927613393e-15,-12.190635031789302,-11.420287870937962,-12.043272461011373,-12.358148455942182,-12.537463265316305,-11.163692377688854,-10.541575484617779,-11.515903837219394,-10.812807186138926,-11.259805237686624,-11.973660081143924,-12.517610881211313,-12.040717307030107,-10.343538308295225,-11.358321725250644,-11.842290273121893,-12.825337838276424
45,-1.5509109520438185,18.028064298615803,-4.104431758263155,-0.4576098332464428,3.834872155334511,-1.1207358645240875,-4.3621889624285375,4.13255679248343,28.020490200250677,-0.25453396593481736,-3.3841273843982043,-0.6285957977543116,20.98766332366945,7.066708329617199e-15,4.135306264002236,2.528380026073252,-0.6003725757995046,-0.18743943381581055,-1.3487439566393584,4.164721580918904,-16.629213193698405,-14.456812594918961,-16.218765150791942,-10.210697574745287,-15.956241510581993,40.00656892819928,-18.581695278307144,-16.166620674982443,-16.61138473249725,-14.604186012273155,-3.076309333270102,-9.28209131679148,-9.138569624159949,-15.144011665145657,-17.08654213758522,-15.737858974952617,-0.4077030426278407,-17.56102294257904,-3.7011747133013007,38.920510976772,-15.644101516370084,-4.181070830937028e-16,-18.526870917404977,-0.48948214982750016,-14.799649535884784,-13.18723874438167,-17.280429525138114,1.133577347064637,0.4379281815883493,-0.43792818158836155,1.7717253816184984,-6.6325127401041435,6.965962631511047,-6.38718894266935,-1.382822763846301,10.456085101054345,0.5521579246139097,0.3992537442633533,1.9587961238314964,5.798770205187343,2.182018154633866e-15,10.668878611668935,11.648490793722708,-3.8979268668444957,-2.318177259241752,-3.4756524984583455,75.6575955688593,3.0979409796020168,56.01277069353186,-5.691959855604694,-4.8741106294847985,72.36081352548985,72.56944005155017,16.463103933691723,2.230690067002976,-0.8049737022068411,0.01612979102617838,-3.457187955090831
46,47.84154247987109,4.889097839439749,56.08425440761231,0.26663084688574706,-1.201285184542437,50.49412032982268,53.32513533552821,0.3625199143618578,5.071418923695385,46.7393776402303,53.9569883704643,49.592903024460114,3.511437318128709,-1.76189098033408e-14,-0.20188050474622024,-3.634382923635348,48.93970530189049,49.137791347216755,49.6498134871133,-1.3019572537659965,-18.101588284371754,20.390658488519044,-20.31778811914259,-17.658900052881535,-20.692379079071124,-18.945138966236044,-20.094233670492134,-17.052316011888855,-20.76822858380835,-18.876431954408744,-16.390264890884815,4.9851804242769795,-21.858950563925315,-20.393269203136256,-20.996893806942307,11.533221033450818,-19.329105395765282,-19.506077415116888,-17.433732769578558,-20.728315467710928,-9.466162875664764,-1.4489063418736448e-14,-19.92791846586575,-2.7446065253385945,6.104432221048569,-15.543254334175192,34.79475464629889,0.41189822041106466,-1.7434007051348275,1.7434007051348348,-0.814751401342117,51.047865880414875,-1.6811262062607446,52.37066825747735,0.7447832999541957,3.195470879191288,10.707080286921546,31.672997856498487,40.444624795441236,2.6138477156909246,-1.6150104871683695e-15,5.707541434288301,2.896935534296812,57.068376899242274,0.264039263311003,59.01073379948854,-5.158108101085024,21.55227359917235,1.3084688327585,52.57614600422111,52.783355027938285,-2.1130866036606166,-3.806369409281057,1.4832962976139838,25.045583436635887,-0.6126397950013023,3.1932650108117198,57.95013253398997
47,2.9747827759579293,2.414316787426945,-39.35633960638983,1.0439145330349593,-38.13551390934886,3.7767887434035026,-38.42987076805459,-39.76176619447433,6.209873141129426,3.7529099236900443,-37.855770753224654,4.215807582716447,7.291119896852865,1.3030501157251795e-14,-40.05317238065559,1.9093688943416214,3.1395886717401322,3.784577601445305,3.146046993806983,-40.579671142517896,-0.2976449030892706,1.314591567875034,-4.617875770975883,-2.3408871842373005,-4.936082168037991,1.5086869133925962,-46.49575366151932,-2.9058168339866417,-3.782856512352783,-1.992953256732408,1.8724649362413694,0.05529884314360701,-1.26257721255515,0.06996595981453113,-4.612957697275629,1.2501799642305362,2.256739035387008,-4.370235907837564,2.0433446950401386,1.747710840296904,0.5397482769676631,-9.616577439699935e-16,-3.1589283429201505,2.060478488410101,1.1502171741475333,-0.8340754319556608,-3.7240063231667646,2.4137875375041262,1.889030838467495,-1.8890308384675094,1.644744870702213,-36.81735427454417,2.9119536935791035,-37.2393393983939,0.363731102331434,-42.26123847315961,4.964261682177076,5.382807214338635,5.785243945951075,2.407334237511145,6.580986929497808e-16,-44.446650747337245,-44.63461107241581,-38.16060931823193,-41.57793257792369,-38.9995711835482,-41.07463573377166,-34.8977220304894,5.966071405169086,-37.34909333386741,-39.08273410369711,-42.709370173672404,-42.644783524868075,-47.267235885638584,-38.69869430710167,0.03855813906716236,1.7296452605044914,-37.95973791312369
48,8.178416170813191,33.54100040732181,9.576433012972556,0.6691662138750724,47.80534509673559,8.789239085341755,7.250683599773353,51.1715952279927,25.39723117147171,9.628730117103222,9.212001144133728,8.892736142685084,22.104383131803168,1.5753164538600195e-14,50.275116209375874,37.94679583252121,9.183508070278002,9.01619239183496,8.227249045675377,46.93812742848988,-5.497530580887851,1.1564525880787084,-11.998809448981708,-3.87034942478716,-12.14669989360654,-6.125729514130451,-11.932430854006183,-9.39978647715371,-12.372869476482304,-8.505083769789286,12.337962071860238,-2.6491016055271097,23.874202508661185,4.716850207172721,-14.045748957445678,-0.997489063883713,8.022969947361684,-10.6235935499881,12.361953882194616,-10.467364580627299,-8.746727898444671,6.848782376062283e-15,-9.5000980520294,-0.39873140469041535,-3.556491616360584,-3.436608438299557,-2.1614385392310935,-2.2078792774649534,0.5766340389262036,-0.5766340389261854,-0.028598296616662515,7.955287736587155,35.825546798582614,7.517936652731041,1.3010117584938878,29.271668964111257,3.1480557327283485,11.00748571724616,13.074459921073394,7.946292309173137,1.4515850065143395e-15,27.926007140950965,28.563683682136194,9.758389984910172,0.022130176795493083,9.03180252385049,3.508277285471777,22.432722960248853,5.809771411884044,8.359411221390742,6.782928138439509,2.930388772168079,2.0131334611317206,20.819018184087177,21.288106038292074,-2.0319170299872993,2.3400083921105184,9.27852962347602
49,14.95702857570425,13.21660105804763,9.985574342958012,10.620084019283677,8.954001454230118,12.168917248373806,11.652633322936026,11.060689457479247,13.012499861172193,14.378350414252058,13.705027856415242,12.514884105613453,12.710369180434665,-1.873939599985725e-14,10.65007795417803,11.447551570501096,12.218233768135095,12.97426973371285,15.39402639749244,9.368716887391054,-1.0635607085792125,1.9621485257245133,-15.443483554638272,4.134010509342352,-15.499021104137887,4.1735027608436805,-7.5857070572342,-4.566818966740492,-15.796378130921259,18.793819165588637,-2.3514169678721184,-3.3654722086808757,-3.962440931824927,-0.7611652025788493,-8.077349764076406,6.047014584981691,-3.8833624509493148,-3.106147655268867,-2.3864941853216144,4.163279107198918,5.00807918196772,-6.3536145431093515e-15,-3.7831181103327074,1.3252461225574284,10.337011711548802,1.9268146591905209,-2.6670482469399284,-0.12936739606463832,2.1569994323925177,-2.1569994323925163,4.665010931989839,14.369772245771431,11.415320101181091,14.645678710664086,12.386033986887437,10.726735859648276,20.35326875480174,21.48259369140334,17.391036087991,19.626441599462964,-1.7887258490093335e-17,10.937401563939728,10.459442896907523,7.344332026499971,7.586196605446382,8.890428771694848,6.59437928533687,22.32619233714897,19.558619850403748,14.193225208291826,11.711696570703799,7.12746441468104,6.3335441049094605,9.387912979892537,18.005730565409348,7.342188450611233,10.757183799256245,7.834471388767376
50,-14.993762965041283,1.1835210377669532,-13.849195967633172,-3.10414498089133,16.973590299758747,-12.920548663881899,-13.988934161054683,18.666454520608184,0.07308579727025896,-12.461902773642414,-12.784067962160902,-14.048829010898023,-2.5967460811517133,6.609092358356813e-15,15.841851753211404,4.95973703305573,-14.205076673277317,-13.203227448879003,-15.918593322058568,13.230877872673675,-6.296475139958207,-21.902590554984283,-11.875263691425175,-18.620106896108354,-12.2630365864213,11.39069195931935,0.1074280254049017,-13.463556374871212,-11.875218689680807,-22.984026457091602,-15.009177136510136,-18.186035736357656,-9.577310671174368,19.024712501305608,-14.278303935680794,-26.868450888976056,-16.386805998391768,-23.54040371544743,-15.400076531548063,-9.106759120363947,-21.36482443929299,4.935099627651162e-15,-5.393083846094801,-4.613745385767647,-27.459826798422192,13.241876532061584,-24.232130949246812,-2.5568050386457886,1.4238605379885836,-1.423860537988581,0.6292164037494439,-15.981582607117998,2.3034316507056425,-15.264534547833069,-11.549271287281318,-1.3779079668304755,-9.466280554172107,-15.180051798746794,-9.938953963775644,-6.7869726039578895,1.4721670608273646e-15,-1.329259874909118,-0.2901607784429735,-12.964085446008886,11.905597105161133,-12.179310318798741,13.843986631419595,8.130205884674396,23.185130040916313,-15.378596465855066,-14.283877834453877,22.38071350090116,17.61080728282846,-3.6742847233973577,5.280396847133017,-2.446968026255716,-1.501395602528617,-12.231328390105453
51,-3.941539514059175,33.407020597713824,1.887653454003349,-3.4291590330202966,8.60144419220431,-2.995153035545719,-2.5292560157298403,6.27494789466521,24.604585065411253,-2.281342761687272,-1.1388067841242127,-2.2590067996032137,20.24400820640617,-4.522493490810576e-15,7.887331112288563,5.600482904894834,-2.5539510499566784,-1.764813573981753,-2.131459319166699,7.771167419642683,-5.6290439293369205,-11.37440707661357,-7.390539555422431,-9.975917045295052,-6.674104196717857,39.35368193256085,-4.4495209654680705,-7.816425534845323,-8.623484368790693,-12.391713276459129,30.19398019495944,-10.926078978198834,-1.9969007098609708,-2.7462680938728887,-14.28183626824709,-11.725610533108647,19.847727975667485,-11.523896745140217,29.89369035934957,7.161978223921288,-12.121509636520138,1.6213396690340143e-15,-10.482500728259886,-0.8796650685549142,-15.677850109112295,-2.7155162117763854,-10.577584757778416,6.246251496774072,-0.2708415986984123,0.2708415986984178,5.592617860254885,-2.4408021376465627,5.446678099280901,-2.4854320494234794,-4.042786526042474,33.27864840306426,-4.62785476219551,-4.310244474581034,-3.8160840460833083,-2.5884870703193186,-3.368880537032628e-16,31.401794463770617,36.50734293699589,-2.8986873843812884,2.984697042277739,-0.9915806250273527,8.500402967213962,3.1045674896650493,46.65851503823352,-1.5659428135366746,-2.7116891827363703,15.320378206315572,11.506708653942423,28.978315217824797,3.659547090397934,-6.840801906455022,-0.44228590618566643,-3.2997337663371877
52,-0.21672073980192058,-2.1594168359383183,-0.4990744436329292,0.11537378244217183,3.9994210293447905,-0.08638730340138548,1.621067429868678,2.9245776639800374,-1.575817803062514,-1.9766721891236967,0.42624828192864306,-2.158814872322509,-1.4618673452120825,-2.9819713949570157e-15,2.068830221704352,2.1696462966895065,-0.4892319872270045,-1.379035107159611,-0.4741710322272455,3.5667761239081393,0.025468896844899926,-1.116778725037236,-0.692032847231975,-1.1144274538154226,-1.33142604676461,-1.3146305364120456,0.508172529005855,-2.536397089349471,-0.9177297585368275,-0.1242624741118178,-1.1080850171325898,-0.5363261204709815,-1.11942384058535,-2.2387548445077727,-2.4412504518592195,-1.8688983567367996,-5.00566302745637,0.82604115909828,-0.9938999243812572,-2.45840957010358,-0.4245091301489875,-7.981701835239172e-16,-0.6197981659923453,0.4800779630176875,0.1741449966647312,-0.8887716148529239,-1.2519439887248671,4.920940418716935,1.0345831589947954,-1.034583158994794,-0.5577277352866946,10.714540656726257,-0.637798743377932,2.1941338880578187,1.3888731849843596,3.5721405898055747,-0.0038762688968328424,-1.2247849394931498,-0.6430351871381194,-0.4750313608657928,7.129428425661932e-16,-0.3402511474312892,-0.3349220332005148,1.6183794267113103,1.1796677154897646,1.9068989274823396,1.9974408790482816,-0.24282948745754024,-0.7550799112267066,-13.23012973655642,1.5396762093165604,2.375310336912385,2.64539555291337,-2.6116625700421188,-2.2819562093338663,-1.7293395875110338,-2.027401956818731,-2.8649349079138484
53,0.463111439301642,-0.4152474156401191,-0.8369705737086061,-0.09587757557846238,-1.9831131174385674,-1.6697419322916813,1.3481263141572932,-1.4067788594766633,1.4842444747546388,-4.466454953223787,-0.32267457922374926,0.4812794182572204,1.8786228323750371,-1.3506673931605485e-15,-0.6258435228135255,-0.4119823634021055,0.6701685782007364,-0.6191206956587508,1.5822152987388654,-0.21341471882715504,0.878734317856254,0.399320924700851,-0.657281121452343,-0.4101444466620554,-0.4203990676303533,-0.5515509743488111,1.293866243539858,-0.37726703981418985,-0.23103130034215572,-0.0841476738084092,1.96617628006972,0.11651392476674917,0.32095411926579215,1.1276034837365363,-1.2757635147966242,-1.4272094651124745,0.6212581445824331,-0.9566907074421253,1.4026940774273926,1.5249576469781005,-1.8075725739646358,-2.188611197587056e-15,-0.6425237240943038,-1.7647955492605119,-0.11559770274660534,-1.2796049883719822,-1.984940851107104,1.0279809921444925,-0.48512360964747947,0.48512360964748175,0.5384884136464911,2.316955388545343,1.128064922006525,-7.002321512020368,-0.2520283534794027,2.00061814733988,-1.0978734943678365,-0.7220376297630876,1.2252323800595024,0.3280941734753493,-4.2597244899162605e-17,-3.5918689494997915,-5.360162646214934,-10.063765283805516,1.7290174652964574,7.812549641362711,0.5346032452598414,-0.5293331578197059,0.06137082274079002,-0.9262608564621928,1.5479982969942732,3.3592384735658536,-4.031299525287141,1.077144285376693,0.45051956759232104,-0.5629024006636836,0.2767841715219159,1.4932790902399036
54,-5.877677632605937,-4.048787773515956,-5.848081779608778,-2.7465040669701684,-0.790758305537897,-9.07922811547853,-10.19151175122341,0.08403084904312677,-6.143654600841559,-2.035181474084675,-6.758565331397701,-5.738788020654983,-8.424568921158569,5.4498543154772396e-15,-3.5635301792876724,-5.000761911637512,-3.873693692608796,-7.288468784997922,-8.197400276868068,-2.314596228320493,3.7603226984723923,-2.544208821154978,3.7576961316989217,-1.54583885619482,5.497220990325466,0.8519077302623571,7.586820892123222,1.7465184848350712,4.56603172178652,0.7838972703704732,0.2461236419393669,-0.9879816938567668,2.3068013462164743,-0.7788158992270772,1.5614937496865895,-2.029819509197953,-1.3393640555536215,1.8017575126917529,-0.9126221051064329,-1.677366046991416,4.509661283139597,-1.4396531565060785e-15,-0.32159464453537495,2.894802369639331,-3.224786177086933,3.229777291806571,2.1452709265417935,-8.435202709442555,-3.891611478910882,3.8916114789108804,8.134700255102121,1.023136403234968,-1.5537931842211063,0.4890371660740288,-1.7487913351703337,-2.4468039697502166,0.9598041779615644,-5.6589512515135745,-5.966192914332692,-4.871183422541776,1.7369763661798564e-15,-5.340283624458156,-6.730789885600888,-0.6088858447706305,3.8061138261708414,-0.9874029619689135,1.4484626257274302,-2.6446840457277214,-2.739752889776956,-5.020399309675794,-10.242846669871602,-1.553880145654176,2.3007970776046744,-6.687232672829339,5.153382009513306,-2.089519216728344,-1.6163393185570303,1.003808603432169
55,-4.935779901938534,-4.120331118346537,-2.0364054483611227,0.289685692129333,-2.7700323219248295,-5.381319432710468,-6.82354548543062,-2.2234983301534004,-5.026509531253418,-5.301467999492706,-1.057375366226838,-4.588743356195383,-6.197958481938961,2.5122813186509587e-15,-1.6337580901989979,-6.581269856832829,-6.503701778082768,-4.371461025820611,-4.180854633375758,-1.5555145353822073,-1.3195851878815026,-3.7036972540903728,2.632775437726813,0.008232567468351533,4.384894637392539,-6.2198340311466955,-0.5988868033731942,0.3219367708505685,1.7125576204329218,1.548161222446203,-4.288451676449121,-3.7807598322041454,-0.044667383802537035,-0.4679033464055655,1.2928745095535665,-8.290395075307545,-2.3589817439140526,1.5868122754736467,-5.445375926915979,-3.7020441841772893,-4.147913885018796,-8.820554803047978e-16,-0.3378578796557312,-13.938987039653924,-5.513411329431536,-3.7970428141844432,2.853742310859319,26.78960885043234,-1.2308814367913334,1.2308814367913283,19.47034468966911,-1.6880303641652041,-2.546826819296197,-0.7951785415449099,-0.6636391436504886,-1.3603337704963256,-6.4927637655723105,-10.72475024773425,-6.125253278950461,-2.3410751858709946,-9.362183550115177e-16,-2.1686638877823197,0.09229779033640058,-0.9044804960024369,-3.13428202411116,-0.4581033367081236,0.45408548866821113,-9.081402036506676,-8.843246428278963,-1.6697629656557167,-6.33533003641443,1.8632052523285274,0.695087501866358,-2.1029790791578025,-6.619389888406842,-1.3374060786443671,-2.151694530692566,0.45037169539431
56,-1.1204392220541315,-2.4506021734883685,-5.510926819543967,0.6001913950669243,3.3694998833258607,-4.336224195330559,-0.30717278663742126,4.297867110628868,4.827108253458528,-2.7911226794854493,-5.067760415349751,-4.2002054889541975,-0.3683286570486048,6.4061627677072525e-15,1.086580890112421,0.20506836815588425,-5.172619240241606,-5.210589742503185,0.7143236446617564,0.9691105200952598,7.736414538618367,2.4432003281527592,0.8567235177051145,-1.4338164412935963,0.6523072658166077,9.769482088742794,-1.4504354732140077,3.8177626645097495,-0.22392355458381827,-1.2111584163314726,0.36498030671913023,4.98253753282458,1.1120679963607656,1.1267398323204998,4.2765070405618815,-6.213550193204816,0.8134332568154303,2.8605046556704994,0.09141292771882596,4.095322890455916,11.401336422197048,4.9091941708522645e-15,2.5193429639001326,-1.4711506347809016,-5.4283792831736575,7.426261038530426,-3.818595116733348,-9.050626621380477,10.191639231460291,-10.19163923146029,11.160530143916473,-5.790049647459889,0.5563213874211768,-6.121099443335054,1.970955795027763,-1.6658990596609755,10.68096412179776,-6.807859560853447,1.748181349085441,-2.4114352759199305,-1.7841644090725088e-15,-2.544152196937403,-1.5474499085595397,-4.461332231037851,-2.271163572360805,-4.350341205142164,4.440749260887213,17.28241253184402,9.002014811227955,-4.933260075283489,-0.025500363496790315,3.840202456039507,3.1272015680907383,-0.4838169926117974,-3.0904607691429202,3.4002475058526733,2.8414202640324793,-4.7577828364181185
57,0.21745685618406474,-4.026486662580936,-6.522142777589416,-3.6026210168225767,-19.884578136507034,-1.2807601333115723,-6.726886851268261,-17.199368546151916,-4.003327623774168,-4.969855041670878,-4.28648115870811,-0.3815205313495409,-5.21913852896274,-1.052017949878264e-14,-18.063851414289427,-30.491169091787363,3.1105182369518696,-0.7579764449889833,-1.4158584352021732,-21.21900858012569,7.0974880892729075,-0.551871517781446,1.8406173842688631,0.9462669780486936,2.131137303377468,-7.4634731391131,-13.577112453977392,2.663325763686698,1.9187984068126074,7.801159465320948,2.129083927702869,-2.0136406319147198,4.555825555372742,1.9392932869493122,0.19600860161518688,4.568468753538792,-2.0034706869707297,-0.828780159616332,1.528816971401336,-2.7445012488320155,-3.1709534101787873,2.4822421234490837e-16,0.5123747849254223,-1.4471582954097972,1.574088423781923,-4.020095529875049,0.9646060856007053,0.3380405542169006,-0.07426737170083864,0.07426737170083149,-1.9558373631399317,-11.27535324783277,2.575616584889129,-11.264695273554109,-2.6125301634323477,-15.544400396870696,-5.046217123866115,2.8857241953593396,-2.4409376866154657,-0.8510196598408114,-1.160789848789093e-15,-16.05930987673786,-17.50614004092699,-8.945467630037642,-15.489765546720797,-11.060294751535817,-16.704369963768844,-9.473992526967402,-9.21272552564739,-12.395552636769466,-6.895773614756033,-19.20089059933192,-18.433671687981626,-4.391525914038277,-9.347867255579741,-1.6076084465721514,0.5866661632350648,-10.259850898578257
58,-7.5494515356346525,-8.403599262998167,-3.214862532649172,-0.6144495361875575,-6.634693089715401,-3.238920939245386,-7.1806788620800575,-4.070851487534066,-2.1258478623374524,-6.341265025044539,-4.478590971461349,-4.243353025955766,-2.118426675940027,7.947556754120651e-15,-3.144084888310983,-3.727033067665607,-4.826171659895762,-3.514248775432829,-8.125252747648794,-5.751681514467995,20.32551458076885,-9.866919858578267,-1.8180623549031953,-4.298568391192432,-1.8569946085090758,-10.99663872012752,-7.0680283589599595,-7.375941476246295,-1.7178808693937082,-7.077917176176782,-5.796693382172244,-10.419306243627858,-2.626947865345032,-6.277489316671989,-8.842890435572683,-7.577192720742504,-4.927138573064454,10.144881371424296,-6.501925195096033,-13.791658462133036,5.170614819383659,2.2400104339391763e-15,19.03914883774061,-0.8253526077287054,-11.140347220158645,-9.652539121182638,-3.806585880929966,0.048497462752336566,-0.8476547289105624,0.8476547289105619,-0.4086503140513631,-3.5283794758954956,-0.8227545440398906,-4.152238627726674,11.920381894356566,-7.361092233802768,6.829207555357027,-5.814586772384729,-7.997107320243711,-2.7235282265486247,-1.1961952247154929e-17,-6.161789187012527,-6.126470873172439,3.1454648990978886,-5.190271533147244,1.612523827885658,-7.841925562614492,-2.763919449500573,-9.199326944083937,-3.0936074547333314,-7.192318083842494,-8.726664231776974,-8.587106871448531,-3.713106156679894,-1.0642045238493878,-7.067792124514023,-5.822925013986886,1.7606342496011793
59,-4.918387265976411,-3.3491893881173707,-25.689818399960956,-1.9377946161952233,-22.11933100949919,-0.5610028714889019,-24.45117390567031,-20.715283934303958,-3.1538446263814177,0.7371182725142454,-27.53777311769311,-0.0665586660865445,-5.960778321658944,1.994666434767129e-14,-21.456468351785166,-3.827422462357701,-0.3256009228678317,-0.013542426514781348,-6.286209736950233,-20.888294920619646,3.248141048243926,-1.5713292806662709,2.3731160596867595,-1.1307706974543876,2.708481339615858,2.3013272735995676,-27.609021635116008,2.289136091573483,2.997591171127162,2.307879972871444,-5.4147215951343926,9.746038018274598,-1.285719706836504,1.0233703399171112,3.039092221340198,0.11740914104716692,0.7376638341602845,2.6957546868263154,-5.613380017429155,-2.883423074568905,-1.75479173550474,4.474253352848284e-15,4.540475836382332,6.927447575120156,-4.1713789528638205,0.5284832674796431,1.8359866416079726,-0.9115672853459097,2.252090593983475,-2.2520905939834828,-0.24134974912753224,-24.424454808557364,-3.606603040125886,-26.92943945587145,0.22135661286469555,-12.272776745240956,-4.181453875970466,-2.377821982321275,-3.9639916254771723,-3.8489645887963935,1.5457877810848291e-15,-11.48199947235679,-12.527635341250493,-31.80131084331521,-29.76421978875184,-31.382942962312995,-23.349193659934375,-22.41054822641971,-0.18234256721018227,-27.52866088609626,-24.76692834753731,-18.825452147087823,-21.868965992387757,-2.662254546388872,-26.92143260023076,0.6839180580740808,-0.03019225869512506,-32.43214920041136
60,1.5009162818179802,-1.8661265262711155,2.8697242328416017,7.975168224873744,5.4975578613580005,4.503654003829814,0.23238921950154348,5.264555813724731,-0.5992989006919333,3.1578756916807773,0.542484432954448,3.5870172762374906,0.02456190369839841,-2.2811865118294415e-15,5.686598951513871,4.297545303717014,3.833006124651052,3.879964882451758,0.2535662962127928,6.033753157846074,1.4826162857085399,-9.868515550724041,-9.31277202315217,-5.6440180073463635,-8.367611912683786,-9.898942297982364,-9.32478299317332,-8.832184672920263,-6.945425613379463,-3.910580004875888,-7.637541629710982,-2.4168559895388126,-2.950814738695347,-8.08001585670596,13.709575762116883,-5.1465718901883175,-8.634863125170844,5.575722770409308,-8.003927931781917,-8.541205169514088,0.8990147199643523,3.3536070600561876e-15,28.01620826557002,-0.5994607624019602,-9.81425246627475,-6.261962515713699,-4.967361490687436,-1.1297933640507125,-0.08951153245401886,0.08951153245401514,-1.7795486548608195,7.239291116286883,6.233845853956707,6.944349627394789,14.686656287848681,1.580915904933332,9.96655371899444,4.090073104319523,-0.5680802802959761,3.4176295584674823,2.6651309684587785e-17,1.816872203019732,-0.24904517902046994,9.496763069641986,-0.1341364160488878,7.519617514264282,0.4721961010747793,2.9307729665977322,-0.7410441351300396,5.8914825554425505,0.1501825885316309,-1.1581403772922467,1.0948842962035092,-0.17134716260837382,3.1026875049027907,22.745665620752746,0.18404570430934777,9.201256606142914
61,-14.675111431299669,1.1668664902646433,-10.695911307066185,-9.731713444256195,-1.6373131365656761,-14.077400733031466,-12.834553365427455,0.45181245563162226,-3.2583923890826303,-13.44738356443656,-9.050104832944537,-12.920785107010104,-4.717120060173462,-2.2056430755886442e-14,-0.8962468832241512,-3.3892895251378397,-15.186432772981131,-13.398608191607664,-13.527322541846035,-1.0364383949670393,-0.4641488269593265,-7.230290002679007,5.1622958126775025,-0.06255369991219781,5.4580667626662995,-1.537734461632574,8.527044602399249,-0.8183207145806857,4.558293297106914,-17.964035432305973,-0.012830537278412872,-14.637196128810265,3.205236165241699,-0.5161156580315575,-0.8528258075226182,-11.025017134629884,-2.0600408706262123,-28.02612667874844,0.12400758210428416,-3.049498932714751,-3.9466931899759348,6.644101396786523e-16,6.309984307128559,-3.098898325293957,-15.09493536233243,-4.340704058405034,-9.878458366824976,-1.431364146361749,0.3285982058346564,-0.32859820583466137,0.14268232397481773,-13.695129496089066,-1.9150084371684906,-13.65545902418593,-33.04089777929179,2.150569100664925,-9.122495179460477,-16.22227889420796,-12.402321220788968,-5.3210341475663,1.0075452439188212e-15,0.48161779597733634,1.8913891960544433,-13.392586951747623,3.438928792208823,-14.413619355241403,-2.9541340129984586,-8.687776418522837,-6.687270905410319,-13.738024343903867,-13.251377270102688,-1.4496257520392903,-1.5671538714349083,-5.838637242833454,-9.343253384652353,-5.983967894928683,-6.016762420350966,-14.132593542375274
62,4.940608008282083,-19.611530612675853,-0.2083643401556648,0.9046268581076237,-3.3414280945444665,2.877598779102045,2.842376150713149,-4.009884092698028,-27.55335017100838,10.03573748877266,-0.2691006345994657,4.255835488976024,-18.923897895355847,-3.429377282931051e-15,-5.2302210357694525,-0.8130242258126947,2.341750765121865,3.760211072989042,3.9752903777177497,-3.1202737423738416,0.9982532453681402,6.683352348648668,-0.7881255616948293,11.550551106181985,-1.0664989369759974,13.976743185762464,-3.751531531707076,1.5090628337483383,-0.8473468649776201,2.5352968810882244,-15.866555452614492,8.141926568554466,-0.7615612085192177,-5.423387700366975,-0.7332033439744575,7.32380810816855,-15.265332027647126,3.67796564647525,-15.941829332537823,6.055008207400073,7.167734322169029,-1.1277404029509044e-15,0.8098131297877226,0.8804919335381521,9.538667704603633,-7.771571586976495,-0.14062818369554572,-0.5027558696073234,1.4056258316358232,-1.4056258316358305,0.18700150418879544,0.7879359107280676,0.12948163138875382,1.5155005875874556,4.671979598230698,-13.080163911648402,7.99882360156297,8.062471919568885,7.499793513901848,12.266050519944324,3.1339645657118563e-16,-12.712543752092555,-15.423630810967786,-1.9073089359830802,-2.9783005059434546,-1.5035869221618825,-0.809749472213259,3.2847366399297777,14.712957953415154,1.0205727410005463,2.9128665832266076,-3.015310775927346,-1.8572565420220517,-16.54109954239196,0.4748363654281553,-0.05146384059946179,2.224699096395678,-1.1300393703220717
63,-4.410688453500107,-14.707940655016651,-6.310495738015152,-1.9882439766053939,-1.2404362392623383,-10.144785425468793,-8.717075300569393,0.620936173020415,-26.575336836975612,-15.832855083444162,-7.294803269166519,-10.24606565106219,-12.320707166978677,-4.72442965974649e-15,2.8210673740060406,-3.040645050316739,-0.6530530936916762,-11.699105420896574,-4.73622817509017,1.6051106900225465,2.60972760464425,-0.5739910414079111,3.1262788438094744,0.1487520174257613,3.791982418826718,-0.6929695026674696,5.502318115233811,2.7736577862899225,2.7149198005096236,2.0295831288384334,-0.5707526572651611,4.1805148714757205,4.262676005864916,1.2544858309331623,1.5934212873041427,0.4918459588620715,10.551841563483203,3.68940724093252,0.1574430549877745,1.5125132470056124,2.043419093371172,2.355981803200864e-15,0.6487660536394585,0.9857657127562705,-3.198635762162611,4.697010837294546,2.7035776210364655,0.5185627078053523,1.541507077202062,-1.5415070772020658,1.9236821702575988,-1.8560296439821582,1.1494861874764333,-2.3465465942692836,1.0056763894650318,-0.27598855506789505,-1.0244434257967512,-2.731507616127422,-3.5657525751920267,-2.3890053482006963,-8.718644729810126e-16,1.1761968198189137,2.0162134458112777,0.3203539736668574,2.7406034498297056,2.2059255916592675,3.84324862085903,1.0372481013260197,-3.9446722235499294,-4.2538111729095185,-8.570322416888981,3.262279496142525,4.387560969744051,1.6437159364093892,-2.0571533550036833,-1.899816855259328,-0.5377883370511853,-0.40527388969946027
64,-5.773801272169294,18.193494130382724,16.35256891406322,-1.6423091296985701,1.7924280201606753,14.261996699789204,15.723767176082761,1.64400058167075,19.279912177353065,18.038662221977123,14.401578373857223,14.712179010769237,18.823563298755758,-1.1182027526146499e-14,1.1728651522233187,-1.250126358961081,-4.564101965283684,15.00552618220979,-5.672559723127555,1.2095657961837516,-2.071029408400404,-1.3616895728717395,-1.4033103369871898,0.827445227897204,-1.0776338221140553,-0.964000804529043,-1.747828042380161,-1.428285264448437,-1.2618425252564682,-1.7695186252837527,0.22780670699079128,-7.328468196665211,0.6967310660346643,0.6520079133561392,-2.7590886286989185,-0.31269978287140887,-1.151400213145468,-1.6345400995388724,0.40238504293327576,2.5887661631076204,-4.215862580764038,-2.072103433597723e-15,-0.08666518810239839,-0.06154535546126985,0.1953712471319004,1.8988315964178957,-1.16225486935336,-0.5146206639861959,-0.32597429730721417,0.32597429730721544,-1.7261481547834725,-2.8844848580172022,-2.636686001416344,-2.807933403280186,-2.190050226069145,-3.292279040536508,-1.6020660353951162,-6.058849478590845,-12.059710102642972,-1.6978849160947387,-9.766778272549833e-16,-2.608156445838005,-3.0849400713894113,-1.7515940294474015,1.3547108389488047,-1.5997793216986098,-0.40904293493774085,-5.082647510383085,-1.1368503658964537,-2.6051116255402174,-4.180629704283599,0.8821160187997992,0.3309775106636643,-2.686108993365575,-4.4143108061749965,-0.947622884381955,-2.4015356737683446,-2.2705306398350236
